text,font_size,page,hierarchy_level,is_body
日本標準商品分類番号,7.6,1,24,False
873999,7.6,1,24,False
1. 警告,10.0,1,14,False
〈効能共通〉,10.0,1,14,False
1.1 本剤は結核等の感染症を含む緊急時に十分に対応できる医療施設において、本剤についての十分,10.0,1,14,False
な知識と適応疾患の治療に十分な知識・経験をもつ医師のもとで、本剤による治療の有益性が危,10.0,1,14,False
険性を上回ると判断される患者のみに使用すること。本剤は感染症のリスクを増大させる可能性,10.0,1,14,False
があり、また結核の既往歴を有する患者では結核を活動化させる可能性がある。また、本剤との,10.0,1,14,False
関連性は明らかではないが、悪性腫瘍の発現が報告されている。治療開始に先立ち、本剤が疾病,10.0,1,14,False
を完治させる薬剤でないことも含め、本剤の有効性及び危険性を患者に十分説明し、患者が理解,10.0,1,14,False
したことを確認した上で治療を開始すること。,10.0,1,14,False
［2.1、2.2、8.1、8.2、8.5、9.1.1、9.1.2、11.1.1、,10.0,1,14,False
15.1.3参照］,10.0,1,14,False
1.2 重篤な感染症,10.0,1,14,False
,10.0,1,14,False
ウイルス、細菌及び真菌等による重篤な感染症が報告されているため、十分な観察を行うなど感,10.0,1,14,False
染症の発症に注意し、本剤投与後に感染の徴候又は症状があらわれた場合には、直ちに担当医に,10.0,1,14,False
連絡するよう患者を指導すること。,10.0,1,14,False
［2.1、8.1、9.1.1、11.1.1参照］,10.0,1,14,False
〈尋常性乾癬、乾癬性関節炎、膿疱性乾癬、乾癬性紅皮症〉,10.0,1,14,False
1.3 本剤の治療を開始する前に、光線療法を含む既存の全身療法（生物製剤を除く）の適用を十分に,10.0,1,14,False
勘案すること。,10.0,1,14,False
〈掌蹠膿疱症〉,10.0,1,14,False
1.4 本剤の治療を開始する前に、光線療法を含む既存の療法の適用を十分に勘案すること。,10.0,1,14,False
2. 禁忌（次の患者には投与しないこと）,10.0,1,14,False
2.1 重篤な感染症の患者［症状を悪化させるおそれがある。］,10.0,1,14,False
［1.1、1.2、8.1、11.1.1参照］,10.0,1,14,False
2.2 活動性結核の患者［症状を悪化させるおそれがある。］,10.0,1,14,False
［1.1、8.2参照］,10.0,1,14,False
2.3 本剤の成分に対し過敏症の既往歴のある患者,10.0,1,14,False
2024年12月改訂,7.0,1,28,False
※,4.68,1,42,False
※,6.38,1,36,False
トレムフィア,24.0,1,1,False
®,7.26,1,26,False
適正使用ガイド,24.0,1,1,False
本剤投与フローチャート,23.0,2,2,False
対象患者の選定,12.5,2,7,False
,7.2,2,27,False
●,7.2,2,27,False
効能又は効果の確認,9.0,2,16,False
●,7.2,2,27,False
禁忌、特定の背景を有する患者に関する注意など使用上の注意の確認,9.0,2,16,False
インフォームド・コンセントの実施,12.5,2,7,False
トレムフィア,12.5,2,7,False
®,8.75,2,19,False
の投与,12.5,2,7,False
患者への注意喚起,12.5,2,7,False
有害事象のモニタリング及び対策実施,12.5,2,7,False
他の治療法を,9.0,2,16,False
検討してください。,9.0,2,16,False
活動性結核、,9.0,2,16,False
B型肝炎に対する,9.0,2,16,False
治療を行って,9.0,2,16,False
ください。,9.0,2,16,False
HBV-DNAが,9.0,2,16,False
検出限界以下で,9.0,2,16,False
あることを,9.0,2,16,False
確認してください。,9.0,2,16,False
抗結核薬の,9.0,2,16,False
予防投与,9.0,2,16,False
胸部画像検査、,9.0,2,16,False
インターフェロン-γ遊離試験を,9.0,2,16,False
定期的に実施,9.0,2,16,False
定期的モニタリング,9.0,2,16,False
肝機能検査,9.0,2,16,False
HBV-DNA定量,9.0,2,16,False
起こり得る,9.0,2,16,False
副作用とその対策,9.0,2,16,False
問診及び投与前に行う検査,12.5,2,7,False
結核スクリーニング検査,9.0,2,16,False
（問診、インターフェロン-γ遊離試験又はツベルクリン反応検査、胸部画像検査）,9.0,2,16,False
B型肝炎ウイルス検査（HBs抗原、HBc抗体、HBs抗体スクリーニング）など,9.0,2,16,False
→P.4～7参照,9.0,2,16,False
→P.8参照,9.0,2,16,False
→P.8～13参照,9.0,2,16,False
→P.14参照,9.0,2,16,False
→P.15参照,9.0,2,16,False
→P.16～22参照,9.0,2,16,False
適合,9.0,2,16,False
不適合,9.0,2,16,False
潜在性結核感染,9.0,2,16,False
（LTBI）,9.0,2,16,False
結核、HBVの感染が,9.0,2,16,False
認められない,9.0,2,16,False
HBV既感染,9.0,2,16,False
（疑いを含む）,9.0,2,16,False
活動性結核、,9.0,2,16,False
HBV陽性,9.0,2,16,False
2,8.0,2,22,True
Contents,23.0,3,2,False
本剤投与フローチャート,13.0,3,6,False
,11.0,3,11,False
.........................................................................................................,8.0,3,22,True
2,10.0,3,14,False
Ⅰ. 投与前の確認事項,13.0,3,6,False
,11.0,3,11,False
..............................................................................................................,8.0,3,22,True
4,10.0,3,14,False
（1）対象患者の選定,11.0,3,11,False
.................................................................................................................,8.0,3,22,True
4,10.0,3,14,False
1）適応となる患者,10.5,3,12,False
..............................................................................................................,8.0,3,22,True
4,10.0,3,14,False
2）適応とならない患者,10.5,3,12,False
.......................................................................................................,8.0,3,22,True
5,10.0,3,14,False
3）特定の背景を有する患者に関する注意,10.5,3,12,False
...........................................................................,8.0,3,22,True
6,10.0,3,14,False
4）その他注意すべき患者,10.5,3,12,False
...................................................................................................,8.0,3,22,True
7,10.0,3,14,False
（2）治療を始めるにあたって,11.0,3,11,False
...................................................................................................,8.0,3,22,True
8,10.0,3,14,False
1）インフォームド・コンセント,10.5,3,12,False
............................................................................................,8.0,3,22,True
8,10.0,3,14,False
2）問診及び投与前に行う検査,10.5,3,12,False
............................................................................................,8.0,3,22,True
8,10.0,3,14,False
Ⅱ. 投与当日の確認事項,13.0,3,6,False
,11.0,3,11,False
.......................................................................................................,8.0,3,22,True
14,10.0,3,14,False
（1）トレムフィア,11.0,3,11,False
®,8.8,3,17,False
投与当日の確認事項,11.0,3,11,False
...............................................................................,8.0,3,22,True
,10.0,3,14,False
14,10.0,3,14,False
（2）トレムフィア,11.0,3,11,False
®,8.8,3,17,False
の用法及び用量,11.0,3,11,False
.......................................................................................,8.0,3,22,True
,10.0,3,14,False
14,10.0,3,14,False
1）用法及び用量,10.5,3,12,False
..............................................................................................................,8.0,3,22,True
,10.0,3,14,False
14,10.0,3,14,False
2）適用上の注意,10.5,3,12,False
..............................................................................................................,8.0,3,22,True
,10.0,3,14,False
14,10.0,3,14,False
Ⅲ. 投与開始後の確認事項,13.0,3,6,False
,11.0,3,11,False
..................................................................................................,8.0,3,22,True
15,10.0,3,14,False
Ⅳ. 安全性検討事項,13.0,3,6,False
,11.0,3,11,False
...............................................................................................................,8.0,3,22,True
16,10.0,3,14,False
（1）重要な特定されたリスク,11.0,3,11,False
................................................................................................,8.0,3,22,True
,10.0,3,14,False
16,10.0,3,14,False
1）感染症,10.5,3,12,False
.........................................................................................................................,8.0,3,22,True
,10.0,3,14,False
16,10.0,3,14,False
2）重篤な過敏症,10.5,3,12,False
..............................................................................................................,8.0,3,22,True
,10.0,3,14,False
19,10.0,3,14,False
（2）重要な潜在的リスク,11.0,3,11,False
.......................................................................................................,8.0,3,22,True
,10.0,3,14,False
20,10.0,3,14,False
1）悪性腫瘍,10.5,3,12,False
.....................................................................................................................,8.0,3,22,True
,10.0,3,14,False
20,10.0,3,14,False
2）心血管系事象,10.5,3,12,False
..............................................................................................................,8.0,3,22,True
,10.0,3,14,False
20,10.0,3,14,False
3）好中球数減少,10.5,3,12,False
..............................................................................................................,8.0,3,22,True
,10.0,3,14,False
20,10.0,3,14,False
4）免疫原性,10.5,3,12,False
.....................................................................................................................,8.0,3,22,True
,10.0,3,14,False
20,10.0,3,14,False
（3）副作用一覧,11.0,3,11,False
.....................................................................................................................,8.0,3,22,True
,10.0,3,14,False
21,10.0,3,14,False
Drug Information,13.0,3,6,False
3,8.0,3,22,True
Ⅱ,8.0,4,22,True
,8.0,4,22,True
投,8.0,4,22,True
与,8.0,4,22,True
当,8.0,4,22,True
日,8.0,4,22,True
の,8.0,4,22,True
確,8.0,4,22,True
認,8.0,4,22,True
事,8.0,4,22,True
項,8.0,4,22,True
Ⅲ,8.0,4,22,True
,8.0,4,22,True
投,8.0,4,22,True
与,8.0,4,22,True
開,8.0,4,22,True
始,8.0,4,22,True
後,8.0,4,22,True
の,8.0,4,22,True
確,8.0,4,22,True
認,8.0,4,22,True
事,8.0,4,22,True
項,8.0,4,22,True
Ⅳ,8.0,4,22,True
,8.0,4,22,True
安,8.0,4,22,True
全,8.0,4,22,True
性,8.0,4,22,True
検,8.0,4,22,True
討,8.0,4,22,True
事,8.0,4,22,True
項,8.0,4,22,True
Ⅰ,8.0,4,22,True
,8.0,4,22,True
投,8.0,4,22,True
与,8.0,4,22,True
前,8.0,4,22,True
の,8.0,4,22,True
確,8.0,4,22,True
認,8.0,4,22,True
事,8.0,4,22,True
項,8.0,4,22,True
Ⅰ. 投与前の確認事項,23.0,4,2,False
本剤の警告,11.5,4,10,False
は電子添文からの抜粋,7.5,4,25,False
1. 警告,10.0,4,14,False
〈効能共通〉,10.0,4,14,False
1.1 本剤は結核等の感染症を含む緊急時に十分に対応できる医療施設において、本剤についての十分,10.0,4,14,False
な知識と適応疾患の治療に十分な知識・経験をもつ医師のもとで、本剤による治療の有益性が危,10.0,4,14,False
険性を上回ると判断される患者のみに使用すること。本剤は感染症のリスクを増大させる可能性,10.0,4,14,False
があり、また結核の既往歴を有する患者では結核を活動化させる可能性がある。また、本剤との,10.0,4,14,False
関連性は明らかではないが、悪性腫瘍の発現が報告されている。治療開始に先立ち、本剤が疾病,10.0,4,14,False
を完治させる薬剤でないことも含め、本剤の有効性及び危険性を患者に十分説明し、患者が理解,10.0,4,14,False
したことを確認した上で治療を開始すること。,10.0,4,14,False
［2.1、2.2、8.1、8.2、8.5、9.1.1、9.1.2、11.1.1、,10.0,4,14,False
15.1.3参照］,10.0,4,14,False
1.2 重篤な感染症,10.0,4,14,False
ウイルス、細菌及び真菌等による重篤な感染症が報告されているため、十分な観察を行うなど感,10.0,4,14,False
染症の発症に注意し、本剤投与後に感染の徴候又は症状があらわれた場合には、直ちに担当医に,10.0,4,14,False
連絡するよう患者を指導すること。,10.0,4,14,False
［2.1、8.1、9.1.1、11.1.1参照］,10.0,4,14,False
〈尋常性乾癬、乾癬性関節炎、膿疱性乾癬、乾癬性紅皮症〉,10.0,4,14,False
1.3 本剤の治療を開始する前に、光線療法を含む既存の全身療法（生物製剤を除く）の適用を十分に,10.0,4,14,False
勘案すること。,10.0,4,14,False
〈掌蹠膿疱症〉,10.0,4,14,False
1.4 本剤の治療を開始する前に、光線療法を含む既存の療法の適用を十分に勘案すること。,10.0,4,14,False
,15.0,4,3,False
（1）対象患者の選定,15.0,4,3,False
1）適応となる患者,12.5,4,7,False
本剤の効能又は効果,11.5,4,10,False
（電子添文からの抜粋）,10.0,4,14,False
4. 効能又は効果,10.0,4,14,False
既存治療で効果不十分な下記疾患,10.0,4,14,False
尋常性乾癬、乾癬性関節炎、膿疱性乾癬、乾癬性紅皮症、掌蹠膿疱症,10.0,4,14,False
5. 効能又は効果に関連する注意,10.0,4,14,False
〈尋常性乾癬、乾癬性関節炎、膿疱性乾癬、乾癬性紅皮症〉,10.0,4,14,False
5.1 以下のいずれかを満たす尋常性乾癬、乾癬性関節炎、膿疱性乾癬、又は乾癬性紅皮症患者に投与する,10.0,4,14,False
こと。,10.0,4,14,False
・光線療法を含む既存の全身療法（生物製剤を除く）で十分な効果が得られず、皮疹が体表面積の10%以,10.0,4,14,False
上に及ぶ患者。,10.0,4,14,False
・難治性の皮疹、関節症状又は膿疱を有する患者。,10.0,4,14,False
〈掌蹠膿疱症〉,10.0,4,14,False
5.2 中等症から重症の膿疱・小水疱病変を有する患者に投与すること。,10.0,4,14,False
4,8.0,4,22,True
Ⅱ,8.0,5,22,True
,8.0,5,22,True
投,8.0,5,22,True
与,8.0,5,22,True
当,8.0,5,22,True
日,8.0,5,22,True
の,8.0,5,22,True
確,8.0,5,22,True
認,8.0,5,22,True
事,8.0,5,22,True
項,8.0,5,22,True
Ⅲ,8.0,5,22,True
,8.0,5,22,True
投,8.0,5,22,True
与,8.0,5,22,True
開,8.0,5,22,True
始,8.0,5,22,True
後,8.0,5,22,True
の,8.0,5,22,True
確,8.0,5,22,True
認,8.0,5,22,True
事,8.0,5,22,True
項,8.0,5,22,True
Ⅳ,8.0,5,22,True
,8.0,5,22,True
安,8.0,5,22,True
全,8.0,5,22,True
性,8.0,5,22,True
検,8.0,5,22,True
討,8.0,5,22,True
事,8.0,5,22,True
項,8.0,5,22,True
Ⅰ,8.0,5,22,True
,8.0,5,22,True
投,8.0,5,22,True
与,8.0,5,22,True
前,8.0,5,22,True
の,8.0,5,22,True
確,8.0,5,22,True
認,8.0,5,22,True
事,8.0,5,22,True
項,8.0,5,22,True
2）適応とならない患者,12.5,5,7,False
本剤の禁忌,11.5,5,10,False
は電子添文からの抜粋,7.5,5,25,False
2. 禁忌（次の患者には投与しないこと）,10.0,5,14,False
2.1 重篤な感染症の患者［症状を悪化させるおそれがある。］,10.0,5,14,False
［1.1、1.2、8.1、11.1.1参照］,10.0,5,14,False
2.2 活動性結核の患者［症状を悪化させるおそれがある。］,10.0,5,14,False
［1.1、8.2参照］,10.0,5,14,False
2.3 本剤の成分に対し過敏症の既往歴のある患者,10.0,5,14,False
※詳細は、最新版の電子添文をご確認ください。,7.5,5,25,False
乾癬における生物学的製剤の使用ガイダンス（2022年版）,10.18,5,13,False
「生物学的製剤の対象患者 ＜対象患者についての重要な注意事項＞」,10.18,5,13,False
尋常性乾癬に対する生物学的製剤の使用にあたっては、原則としてまず他の全身療法を考慮すべ,10.0,5,14,False
きである。したがって、尋常性乾癬におけるその適応患者とは、シクロスポリンやエトレチナート、,10.0,5,14,False
メトトレキサート、アプレミラストなどの内服療法、PUVAやナローバンドUVBなどの紫外線療法,10.0,5,14,False
において、,10.0,5,14,False
（ⅰ）満足のいく治療効果が得られない患者、,10.0,5,14,False
（ⅱ）副作用が実際に発現しており、十分な用量の内服または照射ができない患者、,10.0,5,14,False
（ⅲ）治療は有用であるが、減量や中止により容易に再燃を繰り返すため減量中止が困難で、長期に,10.0,5,14,False
わたる蓄積性副作用が強く懸念される患者、,10.0,5,14,False
（ⅳ）治療禁忌となるような合併症などの存在により、治療が困難な患者、,10.0,5,14,False
などが該当する。いっぽう、進行性の関節破壊をきたす乾癬性関節炎については、日常生活に支障,10.0,5,14,False
が現れる以前に関節破壊を抑制することが重要であり、状況に応じて、関節破壊の進展抑制のエ,10.0,5,14,False
ビデンスを有する強力な治療の導入を、早期から考慮することが推奨される。,10.0,5,14,False
乾癬における生物学的製剤の使用ガイダンス（2022年版）,10.18,5,13,False
「治療禁忌」,10.5,5,12,False
1. 活動性結核を含む重篤な感染症を有する患者,10.0,5,14,False
2. NYHA分類,10.0,5,14,False
Ⅲ,10.0,5,14,False
度以上のうっ血性心不全を有する患者（TNF阻害薬のみ）,10.0,5,14,False
3. 脱髄疾患（多発性硬化症など）およびその既往歴のある患者（TNF阻害薬のみ）,10.0,5,14,False
乾癬における生物学的製剤の使用ガイダンス（2022年版）では、以下の患者が生物学的製剤の「治療禁,10.0,5,14,False
忌」とされています。以下に該当する患者に投与するときは、十分注意してください（1. は、本剤の禁忌に設,10.0,5,14,False
定されています）。,10.0,5,14,False
5,8.0,5,22,True
Ⅱ,8.0,6,22,True
,8.0,6,22,True
投,8.0,6,22,True
与,8.0,6,22,True
当,8.0,6,22,True
日,8.0,6,22,True
の,8.0,6,22,True
確,8.0,6,22,True
認,8.0,6,22,True
事,8.0,6,22,True
項,8.0,6,22,True
Ⅲ,8.0,6,22,True
,8.0,6,22,True
投,8.0,6,22,True
与,8.0,6,22,True
開,8.0,6,22,True
始,8.0,6,22,True
後,8.0,6,22,True
の,8.0,6,22,True
確,8.0,6,22,True
認,8.0,6,22,True
事,8.0,6,22,True
項,8.0,6,22,True
Ⅳ,8.0,6,22,True
,8.0,6,22,True
安,8.0,6,22,True
全,8.0,6,22,True
性,8.0,6,22,True
検,8.0,6,22,True
討,8.0,6,22,True
事,8.0,6,22,True
項,8.0,6,22,True
Ⅰ,8.0,6,22,True
,8.0,6,22,True
投,8.0,6,22,True
与,8.0,6,22,True
前,8.0,6,22,True
の,8.0,6,22,True
確,8.0,6,22,True
認,8.0,6,22,True
事,8.0,6,22,True
項,8.0,6,22,True
3）特定の背景を有する患者に関する注意,12.5,6,7,False
（電子添文からの抜粋）,10.0,6,14,False
患者,9.0,6,16,False
設定理由（注意事項）,9.0,6,16,False
9.1,10.0,6,14,False
合併症・既往歴等の,10.0,6,14,False
ある患者,10.0,6,14,False
9.1.1,10.0,6,14,False
感染症（重篤な感染症,10.0,6,14,False
を除く）の患者又は,10.0,6,14,False
感染症が疑われる患者,10.0,6,14,False
本剤の免疫抑制作用により、既存の感染症を悪化、顕,9.0,6,16,False
在化させるおそれがあります。感染症（重篤な感染症,9.0,6,16,False
を除く）の患者又は感染症が疑われる患者に対しては、,9.0,6,16,False
十分に注意し、慎重に投与を行ってください。,9.0,6,16,False
●,7.2,6,27,False
,6.75,6,30,False
本剤の投与に際しては、十分な観察を行い、感染症,9.0,6,16,False
の発症や増悪に注意すること。,9.0,6,16,False
●,7.2,6,27,False
,6.75,6,30,False
感染症の徴候又は症状があらわれた場合には、速や,9.0,6,16,False
かに担当医に連絡するよう患者を指導すること。,9.0,6,16,False
●,7.2,6,27,False
,6.75,6,30,False
重篤な感染症が発症した場合には、適切な処置を行,9.0,6,16,False
い、感染症が消失するまで本剤を投与しないこと。,9.0,6,16,False
9.1.2,10.0,6,14,False
結核の既往歴を有する,10.0,6,14,False
患者又は結核感染が,10.0,6,14,False
疑われる患者,10.0,6,14,False
本剤の免疫抑制作用により、結核の既往歴を有する患,9.0,6,16,False
者では結核を活動化させるおそれがあります。これらの,9.0,6,16,False
患者に対しては、本剤投与中に胸部X線（レントゲン）,9.0,6,16,False
検査等を定期的に行うなど結核の徴候及び症状を注意,9.0,6,16,False
深く観察しながら、慎重に投与を行ってください。,9.0,6,16,False
●,7.2,6,27,False
,6.75,6,30,False
本剤投与に先立って結核に関する十分な問診及び,9.0,6,16,False
胸部X線検査に加え、インターフェロン-γ遊離試験,9.0,6,16,False
（クオンティフェロン又はT-スポット）又はツベルクリ,9.0,6,16,False
ン反応検査を行い、適宜胸部CT検査等を行うことに,9.0,6,16,False
より、結核感染の有無を確認すること。,9.0,6,16,False
●,7.2,6,27,False
,6.75,6,30,False
結核の既往歴を有する場合及び結核感染が疑われ,9.0,6,16,False
る場合には、結核の診療経験がある医師に相談する,9.0,6,16,False
こと。,9.0,6,16,False
●,7.2,6,27,False
,6.75,6,30,False
下記のいずれかの患者には、原則として抗結核薬を投,9.0,6,16,False
与した上で、本剤を投与すること。,9.0,6,16,False
（1）胸部画像検査で陳旧性結核に合致するか推定さ,9.0,6,16,False
れる陰影を有する患者,9.0,6,16,False
（2）結核の治療歴（肺外結核を含む）を有する患者,9.0,6,16,False
（3）インターフェロン-γ遊離試験やツベルクリン反,9.0,6,16,False
応検査等の検査により、既感染が強く疑われる,9.0,6,16,False
患者,9.0,6,16,False
（4）結核患者との濃厚接触歴を有する患者,9.0,6,16,False
●,7.2,6,27,False
,6.75,6,30,False
本剤投与中も、胸部X線検査等の適切な検査を定期,9.0,6,16,False
的に行うなど結核症の発現には十分に注意し、結核,9.0,6,16,False
を疑う症状（持続する咳、体重減少、発熱等）が発現,9.0,6,16,False
した場合には速やかに担当医に連絡するよう患者に,9.0,6,16,False
指導すること。なお、結核の活動性が確認された場,9.0,6,16,False
合は結核の治療を優先し、本剤を投与しないこと。,9.0,6,16,False
（,9.0,6,16,False
⇒,9.9,6,15,False
P.10,9.0,6,16,False
Ⅰ,9.0,6,16,False
.（2）2）問診及び投与前に行う検査  結核,9.0,6,16,False
スクリーニング検査及び予防参照）,9.0,6,16,False
6,8.0,6,22,True
Ⅱ,8.0,7,22,True
,8.0,7,22,True
投,8.0,7,22,True
与,8.0,7,22,True
当,8.0,7,22,True
日,8.0,7,22,True
の,8.0,7,22,True
確,8.0,7,22,True
認,8.0,7,22,True
事,8.0,7,22,True
項,8.0,7,22,True
Ⅲ,8.0,7,22,True
,8.0,7,22,True
投,8.0,7,22,True
与,8.0,7,22,True
開,8.0,7,22,True
始,8.0,7,22,True
後,8.0,7,22,True
の,8.0,7,22,True
確,8.0,7,22,True
認,8.0,7,22,True
事,8.0,7,22,True
項,8.0,7,22,True
Ⅳ,8.0,7,22,True
,8.0,7,22,True
安,8.0,7,22,True
全,8.0,7,22,True
性,8.0,7,22,True
検,8.0,7,22,True
討,8.0,7,22,True
事,8.0,7,22,True
項,8.0,7,22,True
Ⅰ,8.0,7,22,True
,8.0,7,22,True
投,8.0,7,22,True
与,8.0,7,22,True
前,8.0,7,22,True
の,8.0,7,22,True
確,8.0,7,22,True
認,8.0,7,22,True
事,8.0,7,22,True
項,8.0,7,22,True
患者,9.0,7,16,False
設定理由（注意事項）,9.0,7,16,False
免疫抑制剤を投与中の,10.0,7,14,False
患者、光線療法を,10.0,7,14,False
行っている患者,10.0,7,14,False
本剤と免疫抑制剤又は光線療法を併用した場合の安全性及び有効性は確立,9.0,7,16,False
されていません。本剤と併用する必要がある場合には、リスク・ベネフィット,9.0,7,16,False
を慎重に検討し、投与開始後は経過観察を行ってください。,9.0,7,16,False
他の生物製剤を,10.0,7,14,False
投与中の患者,10.0,7,14,False
本剤と他の生物製剤を併用した場合の安全性及び有効性は確立されていませ,9.0,7,16,False
んので、併用は避けてください。また他の生物製剤から変更する場合は感染症,9.0,7,16,False
の徴候について患者の状態を十分に観察してください。,9.0,7,16,False
4）その他注意すべき患者,12.5,7,7,False
患者,9.0,7,16,False
設定理由（注意事項）,9.0,7,16,False
9.5 妊婦,10.0,7,14,False
●,7.2,7,27,False
,6.75,7,30,False
妊婦又は妊娠している可能性のある女性には、治療,9.0,7,16,False
上の有益性が危険性を上回ると判断される場合にの,9.0,7,16,False
み投与すること。本剤はカニクイザルにおいて胎児へ,9.0,7,16,False
の移行が報告されているが、胚・胎児毒性及び催奇,9.0,7,16,False
形性は認められていない。,9.0,7,16,False
9.6 授乳婦,10.0,7,14,False
●,7.2,7,27,False
,6.75,7,30,False
治療上の有益性及び母乳栄養の有益性を考慮し、授,9.0,7,16,False
乳の継続又は中止を検討すること。本剤のヒトにお,9.0,7,16,False
ける乳汁中への移行は不明である。,9.0,7,16,False
9.7 小児,10.0,7,14,False
●,7.2,7,27,False
,6.75,7,30,False
小児等を対象とした臨床試験は実施していない。,9.0,7,16,False
9.8 高齢者,10.0,7,14,False
●,7.2,7,27,False
,6.75,7,30,False
感染症等の副作用の発現に留意し、十分な観察を行,9.0,7,16,False
うこと。一般に生理機能が低下している。,9.0,7,16,False
7,8.0,7,22,True
Ⅱ,8.0,8,22,True
,8.0,8,22,True
投,8.0,8,22,True
与,8.0,8,22,True
当,8.0,8,22,True
日,8.0,8,22,True
の,8.0,8,22,True
確,8.0,8,22,True
認,8.0,8,22,True
事,8.0,8,22,True
項,8.0,8,22,True
Ⅲ,8.0,8,22,True
,8.0,8,22,True
投,8.0,8,22,True
与,8.0,8,22,True
開,8.0,8,22,True
始,8.0,8,22,True
後,8.0,8,22,True
の,8.0,8,22,True
確,8.0,8,22,True
認,8.0,8,22,True
事,8.0,8,22,True
項,8.0,8,22,True
Ⅳ,8.0,8,22,True
,8.0,8,22,True
安,8.0,8,22,True
全,8.0,8,22,True
性,8.0,8,22,True
検,8.0,8,22,True
討,8.0,8,22,True
事,8.0,8,22,True
項,8.0,8,22,True
Ⅰ,8.0,8,22,True
,8.0,8,22,True
投,8.0,8,22,True
与,8.0,8,22,True
前,8.0,8,22,True
の,8.0,8,22,True
確,8.0,8,22,True
認,8.0,8,22,True
事,8.0,8,22,True
項,8.0,8,22,True
●,8.0,8,22,True
問診：合併症、既往歴、適応疾患に対する治療歴など、十分な問診を行ってください。,10.0,8,14,False
（,10.0,8,14,False
⇒,11.0,8,11,False
P.9,10.0,8,14,False
Ⅰ,10.0,8,14,False
.（2）2）問診及び投与前に行う検査「投与前チェックリスト」参照）,10.0,8,14,False
●,8.0,8,22,True
検査：結核を含む感染症の有無を確認するための検査を実施してください。,10.0,8,14,False
（,10.0,8,14,False
⇒,11.0,8,11,False
P.10、12,10.0,8,14,False
Ⅰ,10.0,8,14,False
.（2）2）問診及び投与前に行う検査  結核スクリーニング検査及び予防、B型,10.0,8,14,False
肝炎ウイルス検査参照）,10.0,8,14,False
必要に応じて、その他の感染症や悪性腫瘍などに関する検査を実施してください。,10.0,8,14,False
2）問診及び投与前に行う検査,12.5,8,7,False
＜予防接種について＞,10.5,8,12,False
患者に対し、下記の不活化ワクチン接種について、可能な限り実施するようご指導ください。,10.0,8,14,False
・流行前のインフルエンザワクチンの接種,10.0,8,14,False
・高齢者や、糖尿病を合併している患者における肺炎球菌ワクチンの接種,10.0,8,14,False
※本剤は生ワクチン接種に起因する感染症発現のリスクを否定できないため、本剤による治療中はBCG、麻疹、風疹などの生ワクチン,7.5,8,25,False
を接種しないようご指導ください。,7.5,8,25,False
,15.0,8,3,False
（2）治療を始めるにあたって,15.0,8,3,False
1）インフォームド・コンセント,12.5,8,7,False
患者に本剤の有効性及び発現する可能性のある有害事象を十分に説明し、患者が理解したことを確認した,10.0,8,14,False
上で、同意を取得してください。,10.0,8,14,False
インフォームド・コンセントのポイント,10.5,8,12,False
●,8.0,8,22,True
本剤はIL-23の作用を選択的に抑制し、免疫系に作用することから、結核を含む感染症を悪化,10.0,8,14,False
又は顕在化させる可能性があります。,10.0,8,14,False
●,8.0,8,22,True
本剤との因果関係は明確ではありませんが、悪性腫瘍の発現が報告されています。,10.0,8,14,False
●,8.0,8,22,True
本剤は適応疾患を完治させる薬剤ではなく、すべての患者に効果があらわれるわけではありません。,10.0,8,14,False
●,8.0,8,22,True
本剤投与後に「いつもと何か違う」と感じることがあれば、速やかに医師、看護師、薬剤師に相,10.0,8,14,False
談してください。,10.0,8,14,False
特に、次のような症状があらわれた場合には次の受診日を待たずに直ちに連絡してください。,10.0,8,14,False
・発熱、咳、鼻水、のどの痛み、頭痛、悪寒など、風邪のような症状が続く。,10.0,8,14,False
・皮膚に発疹（蕁麻疹など）、かゆみが出た。,10.0,8,14,False
・息苦しい、冷や汗が出る、動悸がする。,10.0,8,14,False
・いつも以上に体がだるい、疲れやすい。,10.0,8,14,False
8,8.0,8,22,True
Ⅱ,8.0,9,22,True
,8.0,9,22,True
投,8.0,9,22,True
与,8.0,9,22,True
当,8.0,9,22,True
日,8.0,9,22,True
の,8.0,9,22,True
確,8.0,9,22,True
認,8.0,9,22,True
事,8.0,9,22,True
項,8.0,9,22,True
Ⅲ,8.0,9,22,True
,8.0,9,22,True
投,8.0,9,22,True
与,8.0,9,22,True
開,8.0,9,22,True
始,8.0,9,22,True
後,8.0,9,22,True
の,8.0,9,22,True
確,8.0,9,22,True
認,8.0,9,22,True
事,8.0,9,22,True
項,8.0,9,22,True
Ⅳ,8.0,9,22,True
,8.0,9,22,True
安,8.0,9,22,True
全,8.0,9,22,True
性,8.0,9,22,True
検,8.0,9,22,True
討,8.0,9,22,True
事,8.0,9,22,True
項,8.0,9,22,True
Ⅰ,8.0,9,22,True
,8.0,9,22,True
投,8.0,9,22,True
与,8.0,9,22,True
前,8.0,9,22,True
の,8.0,9,22,True
確,8.0,9,22,True
認,8.0,9,22,True
事,8.0,9,22,True
項,8.0,9,22,True
投与前チェックリスト,11.0,9,11,False
乾癬における生物学的製剤の使用ガイダンス（2022年版）では、以下とされています。,10.0,9,14,False
<インフォームドコンセント>,7.61,9,23,False
□　パ,7.61,9,23,False
□,7.61,9,23,False
（ 　は必須項目）,7.61,9,23,False
ンフレット説明・同意,7.61,9,23,False
,7.61,9,23,False
年　　　　月　　　　日,7.61,9,23,False
□　上記説明者名,7.61,9,23,False
（,7.61,9,23,False
）,7.61,9,23,False
□　治療開始日,7.61,9,23,False
,7.61,9,23,False
年　　　　月　　　　日,7.61,9,23,False
□　緊急連絡先確認 １,7.61,9,23,False
□　緊急連絡先確認 ２,7.61,9,23,False
<治療前検査項目>,7.61,9,23,False
血液/尿検査,7.61,9,23,False
□　ＷＢＣ,7.61,9,23,False
（,7.61,9,23,False
/μL）,7.61,9,23,False
□　リンパ球,7.61,9,23,False
（,7.61,9,23,False
/μL）,7.61,9,23,False
□,7.61,9,23,False
ＣＲＰ,7.61,9,23,False
（,7.61,9,23,False
mg/dL）,7.61,9,23,False
□　血中β-Ｄグルカン,7.61,9,23,False
（,7.61,9,23,False
pg/mL）,7.61,9,23,False
□　ＫＬ-６,7.61,9,23,False
（,7.61,9,23,False
U/mL）,7.61,9,23,False
□,7.61,9,23,False
□,7.61,9,23,False
抗核抗体,7.61,9,23,False
＊1,4.44,9,43,False
,7.61,9,23,False
（,7.61,9,23,False
）,7.61,9,23,False
尿一般,7.61,9,23,False
（,7.61,9,23,False
）,7.61,9,23,False
感染症検査,7.61,9,23,False
□　ＨＢs抗原,7.61,9,23,False
（　陰性　・　陽性　）,7.61,9,23,False
□　ＨＢs抗体,7.61,9,23,False
（　陰性　・　陽性　）,7.61,9,23,False
□　ＨＢc抗体,7.61,9,23,False
（　陰性　・　陽性　）,7.61,9,23,False
□　ＨＢＶ-ＤＮＡ定量,7.61,9,23,False
（　20 IU/mL未満　・　20 IU/mL以上　）,7.61,9,23,False
（上記抗体陽性の場合）,7.61,9,23,False
□　ＨＣＶ抗体,7.61,9,23,False
（　陰性　・　陽性　）,7.61,9,23,False
□　ＨＩＶ抗体,7.61,9,23,False
（　陰性　・　陽性　）,7.61,9,23,False
□　ＨＴＬＶ-Ⅰ抗体,7.61,9,23,False
（　陰性　・　陽性　）,7.61,9,23,False
結核検査,7.61,9,23,False
□　ツベルクリン反応,7.61,9,23,False
＊2,4.44,9,43,False
注射部位 （　　　　　　　）　　注射日 （　　　/　　　）　　判定日 （　　　/　　　）,7.61,9,23,False
□　判定 （　陰性　･　陽性　･　強陽性　）,7.61,9,23,False
発赤 （　　　×　　　mm）　　硬結 （　無　・　有　）,7.61,9,23,False
水疱 （　無　・　有　）　　二重発赤 （　無　・　有　）　　壊死 （　無　・　有　）,7.61,9,23,False
□　IGRA,7.61,9,23,False
※,4.44,9,43,False
（クオンティフェロン検査 / T-SPOT検査）,7.61,9,23,False
＊2,4.44,9,43,False
（,7.61,9,23,False
）,7.61,9,23,False
画像検査,7.61,9,23,False
□　胸部Ｘ線,7.61,9,23,False
＊3,4.44,9,43,False
,7.61,9,23,False
（,7.61,9,23,False
,7.61,9,23,False
）,7.61,9,23,False
□　胸部ＣＴ,7.61,9,23,False
＊3,4.44,9,43,False
,7.61,9,23,False
（,7.61,9,23,False
,7.61,9,23,False
）,7.61,9,23,False
<問診事項>,7.61,9,23,False
□　本剤 （およびタンパク製剤） 等に過敏症の既往,7.61,9,23,False
（　無　・　有　）,7.61,9,23,False
□　脱髄疾患の既往 （家族歴）,7.61,9,23,False
,7.61,9,23,False
（　無　・　有　）,7.61,9,23,False
□　アレルギー歴 （　　　　　　　　　　　　　　　　　　）,7.61,9,23,False
（　無　・　有　）,7.61,9,23,False
□　感染症 （　　　　　　　　　　　　　　　　　　　　　）,7.61,9,23,False
（　無　・　有　）,7.61,9,23,False
□　悪性腫瘍 （　　　　　　　　　　　　　　　　　　　　）,7.61,9,23,False
（　無　・　有　）,7.61,9,23,False
□　糖尿病,7.61,9,23,False
,7.61,9,23,False
（　無　・　有　）,7.61,9,23,False
□　うっ血性心不全,7.61,9,23,False
,7.61,9,23,False
（　無　・　有　）,7.61,9,23,False
□　間質性肺炎,7.61,9,23,False
,7.61,9,23,False
（　無　・　有　）,7.61,9,23,False
□　活動性結核,7.61,9,23,False
,7.61,9,23,False
（　無　・　有　）,7.61,9,23,False
□　結核患者 （家族・職場） との接触歴,7.61,9,23,False
（　無　・　有　）,7.61,9,23,False
□　結核感染歴,7.61,9,23,False
,7.61,9,23,False
（　無　・　有　）,7.61,9,23,False
□　結核治療歴,7.61,9,23,False
,7.61,9,23,False
（　無　・　有　）,7.61,9,23,False
□　それ以外の呼吸器疾患 （　　　　　　　　　　　　　　）,7.61,9,23,False
（　無　・　有　）,7.61,9,23,False
□　妊娠,7.61,9,23,False
,7.61,9,23,False
（　無　・　有　）,7.61,9,23,False
□　ワクチン接種 （　　　　　　　　　　　　　　　　　　）,7.61,9,23,False
（　無　・　有　）,7.61,9,23,False
□　紫外線治療歴 （　　　　Ｊ/cm,7.61,9,23,False
2,4.44,9,43,False
） （　　　回） （　　　年）,7.61,9,23,False
（　無　・　有　）,7.61,9,23,False
□　シクロ,7.61,9,23,False
＊1,3.88,9,45,False
抗核抗体検査はTNF阻害薬使用時に行う。,6.66,9,32,False
＊2,3.88,9,45,False
どちらか一方を必須とするが、IGRA（クオンティフェロン検査/T-SPOT検査）を優先する。,6.66,9,32,False
＊3,3.88,9,45,False
どちらか一方を必須とする。,6.66,9,32,False
スポリン治療歴 （　　　　mg/日　　　年）,7.61,9,23,False
（　無　・　有　）,7.61,9,23,False
生物学的製剤治療開始前チェックリスト,12.37,9,8,False
佐伯秀久　他：乾癬における生物学的製剤の使用ガイダンス（2022年版）.,6.5,9,34,False
"日皮会誌: 132（10）, 2271-2296, 2022 ©日本皮膚科学会 2022 より引用改変",6.5,9,34,False
※IGRA：インターフェロン-γ遊離試験（interferon-gamma release assays）,7.5,9,25,False
9,8.0,9,22,True
Ⅱ,8.0,10,22,True
,8.0,10,22,True
投,8.0,10,22,True
与,8.0,10,22,True
当,8.0,10,22,True
日,8.0,10,22,True
の,8.0,10,22,True
確,8.0,10,22,True
認,8.0,10,22,True
事,8.0,10,22,True
項,8.0,10,22,True
Ⅲ,8.0,10,22,True
,8.0,10,22,True
投,8.0,10,22,True
与,8.0,10,22,True
開,8.0,10,22,True
始,8.0,10,22,True
後,8.0,10,22,True
の,8.0,10,22,True
確,8.0,10,22,True
認,8.0,10,22,True
事,8.0,10,22,True
項,8.0,10,22,True
Ⅳ,8.0,10,22,True
,8.0,10,22,True
安,8.0,10,22,True
全,8.0,10,22,True
性,8.0,10,22,True
検,8.0,10,22,True
討,8.0,10,22,True
事,8.0,10,22,True
項,8.0,10,22,True
Ⅰ,8.0,10,22,True
,8.0,10,22,True
投,8.0,10,22,True
与,8.0,10,22,True
前,8.0,10,22,True
の,8.0,10,22,True
確,8.0,10,22,True
認,8.0,10,22,True
事,8.0,10,22,True
項,8.0,10,22,True
結核スクリーニング検査及び予防,11.0,10,11,False
結核の有無を確認するために、下記の問診及び検査を行ってください。,10.0,10,14,False
（,10.0,10,14,False
⇒,11.0,10,11,False
P.11,10.0,10,14,False
Ⅰ,10.0,10,14,False
.（2）2）問診及び投与前に行う検査  結核スクリーニング検査及び予防「生物学的製剤投与,10.0,10,14,False
時の結核予防対策」参照）,10.0,10,14,False
●,8.0,10,22,True
結核既往歴の問診（家族などを含む結核患者との接触歴も含む）,10.0,10,14,False
●,8.0,10,22,True
結核感染の有無又は結核が発病しているかどうかを調べる検査,10.0,10,14,False
IGRA又はツベルクリン反応検査,10.0,10,14,False
胸部画像検査（必須）：胸部X線検査、胸部CT検査,10.0,10,14,False
10,8.0,10,22,True
Ⅱ,8.0,11,22,True
,8.0,11,22,True
投,8.0,11,22,True
与,8.0,11,22,True
当,8.0,11,22,True
日,8.0,11,22,True
の,8.0,11,22,True
確,8.0,11,22,True
認,8.0,11,22,True
事,8.0,11,22,True
項,8.0,11,22,True
Ⅲ,8.0,11,22,True
,8.0,11,22,True
投,8.0,11,22,True
与,8.0,11,22,True
開,8.0,11,22,True
始,8.0,11,22,True
後,8.0,11,22,True
の,8.0,11,22,True
確,8.0,11,22,True
認,8.0,11,22,True
事,8.0,11,22,True
項,8.0,11,22,True
Ⅳ,8.0,11,22,True
,8.0,11,22,True
安,8.0,11,22,True
全,8.0,11,22,True
性,8.0,11,22,True
検,8.0,11,22,True
討,8.0,11,22,True
事,8.0,11,22,True
項,8.0,11,22,True
Ⅰ,8.0,11,22,True
,8.0,11,22,True
投,8.0,11,22,True
与,8.0,11,22,True
前,8.0,11,22,True
の,8.0,11,22,True
確,8.0,11,22,True
認,8.0,11,22,True
事,8.0,11,22,True
項,8.0,11,22,True
生物学的製剤投与時の結核予防対策,10.5,11,12,False
TNF阻害薬を含む生物学的製剤投与開始,9.0,11,16,False
＊,4.12,11,44,False
：TNF阻害薬投与に先立つ3週間、抗結核薬（INHなど）の投与を行い、以後も計6～9カ月間、並行して投与。,7.5,11,25,False
十分な問診、胸部X線検査、,9.0,11,16,False
胸部CT検査、IGRA and/or ツベルクリン反応検査,9.0,11,16,False
結核に関する総合的評価,9.0,11,16,False
疑わしいもしくは不明,9.0,11,16,False
呼吸器/放射線専門医の評価,9.0,11,16,False
診断結果,9.0,11,16,False
結核既感染（疑いを含む）,9.0,11,16,False
結核の既往歴は,9.0,11,16,False
認められない、,9.0,11,16,False
あるいは、結核の,9.0,11,16,False
確実な治療歴あり,9.0,11,16,False
抗結核薬,9.0,11,16,False
＊,4.95,11,41,False
予防投与開始,9.0,11,16,False
活動性結核,9.0,11,16,False
活動性結核に対する,9.0,11,16,False
治療開始,9.0,11,16,False
活動性結核に,9.0,11,16,False
対する治療終了,9.0,11,16,False
評価可能,9.0,11,16,False
日本呼吸器学会　炎症性疾患に対する生物学的製剤と呼吸器疾患　診療の手引き　第2版作成委員会 編：,6.5,11,34,False
"炎症性疾患に対する生物学的製剤と呼吸器疾患　診療の手引き　第2版, 2020年4月, P68",6.5,11,34,False
11,8.0,11,22,True
Ⅱ,8.0,12,22,True
,8.0,12,22,True
投,8.0,12,22,True
与,8.0,12,22,True
当,8.0,12,22,True
日,8.0,12,22,True
の,8.0,12,22,True
確,8.0,12,22,True
認,8.0,12,22,True
事,8.0,12,22,True
項,8.0,12,22,True
Ⅲ,8.0,12,22,True
,8.0,12,22,True
投,8.0,12,22,True
与,8.0,12,22,True
開,8.0,12,22,True
始,8.0,12,22,True
後,8.0,12,22,True
の,8.0,12,22,True
確,8.0,12,22,True
認,8.0,12,22,True
事,8.0,12,22,True
項,8.0,12,22,True
Ⅳ,8.0,12,22,True
,8.0,12,22,True
安,8.0,12,22,True
全,8.0,12,22,True
性,8.0,12,22,True
検,8.0,12,22,True
討,8.0,12,22,True
事,8.0,12,22,True
項,8.0,12,22,True
Ⅰ,8.0,12,22,True
,8.0,12,22,True
投,8.0,12,22,True
与,8.0,12,22,True
前,8.0,12,22,True
の,8.0,12,22,True
確,8.0,12,22,True
認,8.0,12,22,True
事,8.0,12,22,True
項,8.0,12,22,True
B型肝炎ウイルス検査,11.0,12,11,False
B型肝炎ウイルス（HBV）既往感染例では、低レベルながらHBV-DNAの複製が長期間持続しており、生,10.0,12,14,False
物学的製剤をはじめとする強力な免疫抑制薬の使用によって再活性化し、重症肝炎が発症することが報告,10.0,12,14,False
されています。このような経緯から、日本肝臓学会 肝炎診療ガイドライン作成委員会による「免疫抑制・化,10.0,12,14,False
学療法により発症するB型肝炎対策ガイドライン,10.0,12,14,False
1）,5.5,12,39,False
」が作成されています。免疫抑制・化学療法を施行して,10.0,12,14,False
いるすべての症例で、HBs抗原を測定し、HBVキャリアのスクリーニングをしてください。HBs抗原陰性の,10.0,12,14,False
場合であっても、HBs抗体、HBc抗体を測定し、既往感染者かどうかの確認をお願いします。既往感染者,10.0,12,14,False
の場合は、HBV-DNAをスクリーニングしてください。既往感染者で治療開始後および治療内容の変更後,10.0,12,14,False
（中止を含む）は、定期的なHBV-DNA量のモニタリングが推奨されています（,10.0,12,14,False
下図,10.0,12,14,False
）。,10.0,12,14,False
（,10.0,12,14,False
⇒,11.0,12,11,False
P.15,10.0,12,14,False
Ⅲ,10.0,12,14,False
. 投与開始後の確認事項「投与開始後のチェック項目」参照）,10.0,12,14,False
1）日本肝臓学会 肝炎診療ガイドライン作成委員会 編「B型肝炎治療ガイドライン（第4版）」2022年6月,6.5,12,34,False
免疫抑制・化学療法により発症するB型肝炎対策ガイドライン,10.5,12,12,False
スクリーニング（全例） HBs抗原,9.0,12,16,False
HBs抗原（＋）,9.0,12,16,False
HBs抗原（－）,9.0,12,16,False
HBc抗体、HBs抗体,9.0,12,16,False
HBe抗原、HBe抗体、,9.0,12,16,False
HBV DNA定量,9.0,12,16,False
核酸アナログ投与,9.0,12,16,False
モニタリング,9.0,12,16,False
HBV DNA定量  1回/1～3か月,9.0,12,16,False
AST/ALT  1回/1～3か月,9.0,12,16,False
（治療内容を考慮して間隔・期間を検討する）,9.0,12,16,False
通常の対応,9.0,12,16,False
HBV DNA定量,9.0,12,16,False
HBc抗体（－）,9.0,12,16,False
かつHBs抗体（－）,9.0,12,16,False
HBc抗体（＋）,9.0,12,16,False
またはHBs抗体（＋）,9.0,12,16,False
20 IU/mL,9.0,12,16,False
（1.3 LogIU/mL）未満,9.0,12,16,False
20 IU/mL,9.0,12,16,False
（1.3 LogIU/mL）以上,9.0,12,16,False
20 IU/mL,9.0,12,16,False
（1.3 LogIU/mL）未満,9.0,12,16,False
20 IU/mL,9.0,12,16,False
（1.3 LogIU/mL）以上,9.0,12,16,False
注1）,5.5,12,39,False
注2）,5.5,12,39,False
注3）,5.5,12,39,False
注4）,5.5,12,39,False
注6）,5.5,12,39,False
注6）,5.5,12,39,False
注7）,5.5,12,39,False
注2）、8）、9）、10）,5.5,12,39,False
注5） a. b. c.,5.5,12,39,False
12,8.0,12,22,True
Ⅱ,8.0,13,22,True
,8.0,13,22,True
投,8.0,13,22,True
与,8.0,13,22,True
当,8.0,13,22,True
日,8.0,13,22,True
の,8.0,13,22,True
確,8.0,13,22,True
認,8.0,13,22,True
事,8.0,13,22,True
項,8.0,13,22,True
Ⅲ,8.0,13,22,True
,8.0,13,22,True
投,8.0,13,22,True
与,8.0,13,22,True
開,8.0,13,22,True
始,8.0,13,22,True
後,8.0,13,22,True
の,8.0,13,22,True
確,8.0,13,22,True
認,8.0,13,22,True
事,8.0,13,22,True
項,8.0,13,22,True
Ⅳ,8.0,13,22,True
,8.0,13,22,True
安,8.0,13,22,True
全,8.0,13,22,True
性,8.0,13,22,True
検,8.0,13,22,True
討,8.0,13,22,True
事,8.0,13,22,True
項,8.0,13,22,True
Ⅰ,8.0,13,22,True
,8.0,13,22,True
投,8.0,13,22,True
与,8.0,13,22,True
前,8.0,13,22,True
の,8.0,13,22,True
確,8.0,13,22,True
認,8.0,13,22,True
事,8.0,13,22,True
項,8.0,13,22,True
補足：血液悪性疾患に対する強力な化学療法中あるいは終了後に、HBs抗原陽性あるいはHBs抗原陰性例の一部においてHBV,7.5,13,25,False
再活性化によりB型肝炎が発症し、その中には劇症化する症例があり、注意が必要である。また、血液悪性疾患または固形癌に対,7.5,13,25,False
する通常の化学療法およびリウマチ性疾患・膠原病などの自己免疫疾患に対する免疫抑制療法においてもHBV再活性化のリスク,7.5,13,25,False
を考慮して対応する必要がある。通常の化学療法および免疫抑制療法においては、HBV再活性化、肝炎の発症、劇症化の頻度は,7.5,13,25,False
明らかでなく、ガイドラインに関するエビデンスは十分ではない。また、核酸アナログ投与による劇症化予防効果を完全に保証す,7.5,13,25,False
るものではない。,7.5,13,25,False
注1） 免疫抑制・化学療法前に、HBVキャリアおよび既往感染者をスクリーニングする。HBs抗原、HBc抗体およびHBs抗体を,7.5,13,25,False
測定し、HBs抗原が陽性のキャリアか、HBs抗原が陰性でHBs抗体、HBc抗体のいずれか、あるいは両者が陽性の既往感,7.5,13,25,False
染かを判断する。HBs抗原・HBc抗体およびHBs抗体の測定は、高感度の測定法を用いて検査することが望ましい。また、,7.5,13,25,False
HBs抗体単独陽性（HBs抗原陰性かつHBc抗体陰性）例においても、HBV再活性化は報告されており、ワクチン接種歴が,7.5,13,25,False
明らかである場合を除き、ガイドラインに従った対応が望ましい。,7.5,13,25,False
注2） HBs抗原陽性例は肝臓専門医にコンサルトすること。また、すべての症例において核酸アナログの投与開始ならびに終了に,7.5,13,25,False
あたって肝臓専門医にコンサルトするのが望ましい。,7.5,13,25,False
注3） 初回化学療法開始時にHBc抗体、HBs抗体未測定の再治療例および既に免疫抑制療法が開始されている例では、抗体価,7.5,13,25,False
が低下している場合があり、HBV DNA定量検査などによる精査が望ましい。,7.5,13,25,False
注4） 既往感染者の場合は、リアルタイムPCR法によりHBV DNAをスクリーニングする。,7.5,13,25,False
注5）,7.5,13,25,False
a. リツキシマブ・オビヌツズマブ（±ステロイド）、フルダラビンを用いる化学療法および造血幹細胞移植：既往感染者からの,7.5,13,25,False
HBV再活性化の高リスクであり、注意が必要である。治療中および治療終了後少なくとも12か月の間、HBV DNAを月1回モニ,7.5,13,25,False
タリングする。造血幹細胞移植例は、移植後長期間のモニタリングが必要である。,7.5,13,25,False
b. 通常の化学療法および免疫作用を有する分子標的治療薬を併用する場合：頻度は少ないながら、HBV再活性化のリスクがあ,7.5,13,25,False
る。HBV DNA量のモニタリングは1～3か月ごとを目安とし、治療内容を考慮して間隔および期間を検討する。血液悪性疾患,7.5,13,25,False
においては慎重な対応が望ましい。,7.5,13,25,False
c. 副腎皮質ステロイド薬、免疫抑制薬、免疫抑制作用あるいは免疫修飾作用を有する分子標的治療薬による免疫抑制療,7.5,13,25,False
法：HBV 再活性化のリスクがある。免疫抑制療法では、治療開始後および治療内容の変更後（中止を含む）少なくとも,7.5,13,25,False
6か月間は、月1回のHBV DNA量のモニタリングが望ましい。なお、6か月以降は3か月ごとのHBV DNA量測定を推奨する,7.5,13,25,False
が、治療内容に応じて迅速診断に対応可能な高感度HBs抗原測定（感度 0.005 IU/mL）あるいは高感度HBコア関連抗原測,7.5,13,25,False
定（感度 2.1 logU/mL）で代用することは可能である。,7.5,13,25,False
注6） 免疫抑制・化学療法を開始する前、できるだけ早期に核酸アナログ投与を開始する。ことに、ウイルス量が多いHBs抗原陽,7.5,13,25,False
性例においては、核酸アナログ予防投与中であっても劇症肝炎による死亡例が報告されており、免疫抑制・化学療法を開始,7.5,13,25,False
する前にウイルス量を低下させておくことが望ましい。,7.5,13,25,False
注7） 免疫抑制・化学療法中あるいは治療終了後に、HBV DNA量が20 IU/mL（1.3 LogIU/mL）以上になった時点で直ちに核,7.5,13,25,False
酸アナログ投与を開始する（20 IU/mL未満陽性の場合は、別のポイントでの再検査を推奨する）。また、高感度HBs抗原,7.5,13,25,False
モニタリングにおいて1 IU/mL未満陽性（低値陽性）あるいは高感度HBコア関連抗原陽性の場合は、HBV DNAを追加測,7.5,13,25,False
定して20 IU/mL以上であることを確認した上で核酸アナログ投与を開始する。免疫抑制・化学療法中の場合、免疫抑制薬,7.5,13,25,False
や免疫抑制作用のある抗腫瘍薬は直ちに投与を中止するのではなく、対応を肝臓専門医と相談する。,7.5,13,25,False
注8） 核酸アナログは薬剤耐性の少ないETV、TDF、TAFの使用を推奨する。,7.5,13,25,False
注9） 下記の①か②の条件を満たす場合には核酸アナログ投与の終了が可能であるが、その決定については肝臓専門医と相談した,7.5,13,25,False
上で行う。,7.5,13,25,False
①スクリーニング時にHBs抗原陽性だった症例では、B型慢性肝炎における核酸アナログ投与終了基準を満たしていること。,7.5,13,25,False
②スクリーニング時にHBc抗体陽性またはHBs抗体陽性だった症例では、,7.5,13,25,False
（1）免疫抑制・化学療法終了後、少なくとも12,7.5,13,25,False
か月間は投与を継続すること。,7.5,13,25,False
（2）この継続期間中にALT（GPT）が正常化していること（ただしHBV以外にALT異常の原,7.5,13,25,False
因がある場合は除く）。,7.5,13,25,False
（3）この継続期間中にHBV DNAが持続陰性化していること。,7.5,13,25,False
（4）HBs抗原およびHBコア関連抗原,7.5,13,25,False
も持続陰性化することが望ましい。,7.5,13,25,False
注10） 核酸アナログ投与終了後少なくとも12か月間は、HBV DNAモニタリングを含めて厳重に経過観察する。経過観察方法は,7.5,13,25,False
各核酸アナログの使用上の注意に基づく。経過観察中にHBV DNA量が20 IU/mL（1.3 LogIU/mL）以上になった時点,7.5,13,25,False
で直ちに投与を再開する。,7.5,13,25,False
"日本肝臓学会 肝炎診療ガイドライン作成委員会 編「B型肝炎治療ガイドライン（第4版）」 2022年6月, P.98-100",6.5,13,34,False
https://www.jsh.or.jp/medical/guidelines/jsh_guidlines/hepatitis_b.html（2024年4月参照）,6.5,13,34,False
13,8.0,13,22,True
Ⅰ,8.0,14,22,True
,8.0,14,22,True
投,8.0,14,22,True
与,8.0,14,22,True
前,8.0,14,22,True
の,8.0,14,22,True
確,8.0,14,22,True
認,8.0,14,22,True
事,8.0,14,22,True
項,8.0,14,22,True
Ⅳ,8.0,14,22,True
,8.0,14,22,True
安,8.0,14,22,True
全,8.0,14,22,True
性,8.0,14,22,True
検,8.0,14,22,True
討,8.0,14,22,True
事,8.0,14,22,True
項,8.0,14,22,True
Ⅲ,8.0,14,22,True
,8.0,14,22,True
投,8.0,14,22,True
与,8.0,14,22,True
開,8.0,14,22,True
始,8.0,14,22,True
後,8.0,14,22,True
の,8.0,14,22,True
確,8.0,14,22,True
認,8.0,14,22,True
事,8.0,14,22,True
項,8.0,14,22,True
Ⅱ,8.0,14,22,True
,8.0,14,22,True
投,8.0,14,22,True
与,8.0,14,22,True
当,8.0,14,22,True
日,8.0,14,22,True
の,8.0,14,22,True
確,8.0,14,22,True
認,8.0,14,22,True
事,8.0,14,22,True
項,8.0,14,22,True
Ⅱ. 投与当日の確認事項,23.0,14,2,False
本剤投与の際には、有害事象の発現を最小限に抑えるため、下記の事項をご確認ください。,10.0,14,14,False
,15.0,14,3,False
（1）トレムフィア,15.0,14,3,False
®,12.0,14,9,False
,15.0,14,3,False
投与当日の確認事項,15.0,14,3,False
,15.0,14,3,False
（2）トレムフィア,15.0,14,3,False
®,12.0,14,9,False
の用法及び用量,15.0,14,3,False
1）用法及び用量,12.5,14,7,False
（電子添文からの抜粋）,10.0,14,14,False
6. 用法及び用量,10.0,14,14,False
通常、成人にはグセルクマブ（遺伝子組換え）として、1回100mgを初回、4週後、以降8週間隔で皮下,10.0,14,14,False
投与する。,10.0,14,14,False
7. 用法及び用量に関連する注意,10.0,14,14,False
〈効能共通〉,10.0,14,14,False
7.1 本剤と他の生物製剤の併用について安全性及び有効性は確立していないので併用を避けること。,10.0,14,14,False
〈尋常性乾癬、乾癬性関節炎、膿疱性乾癬、乾癬性紅皮症〉,10.0,14,14,False
7.2 本剤の治療反応は、通常投与開始から16週以内に得られる。16週以内に治療反応が得られない場合,10.0,14,14,False
は、本剤の治療計画の継続を慎重に再考すること。,10.0,14,14,False
〈掌蹠膿疱症〉,10.0,14,14,False
7.3 本剤の治療反応は、通常投与開始から24週以内に得られる。24週以内に治療反応が得られない場,10.0,14,14,False
合は、本剤の治療計画の継続を慎重に再考すること。,10.0,14,14,False
2）適用上の注意,12.5,14,7,False
（電子添文からの抜粋）,10.0,14,14,False
14. 適用上の注意,10.0,14,14,False
14.1 薬剤投与前の注意,10.0,14,14,False
14.1.1 投与前に冷蔵庫から取り出し室温に戻しておくことが望ましい。,10.0,14,14,False
14.2 薬剤投与時の注意,10.0,14,14,False
14.2.1 皮膚が敏感な部位、傷、発赤、硬結がある部位、病変部位には注射しないこと。,10.0,14,14,False
14.2.2 投与は、上腕部、腹部又は大腿部を選ぶこと。同一箇所へ繰り返し注射することは避けること。,10.0,14,14,False
14.2.3 本剤は1回使用の製剤であり、再使用しないこと。,10.0,14,14,False
●,8.0,14,22,True
本剤の投与前に感染症が疑われる症状（発熱、咳、鼻水、倦怠感など）を確認してください。,10.0,14,14,False
●,8.0,14,22,True
患者とご同居の方などに、伝染性の疾患に罹患されている方がいる場合、本剤の投与の延期など,10.0,14,14,False
をご検討ください。,10.0,14,14,False
14,8.0,14,22,True
Ⅰ,8.0,15,22,True
,8.0,15,22,True
投,8.0,15,22,True
与,8.0,15,22,True
前,8.0,15,22,True
の,8.0,15,22,True
確,8.0,15,22,True
認,8.0,15,22,True
事,8.0,15,22,True
項,8.0,15,22,True
Ⅱ,8.0,15,22,True
,8.0,15,22,True
投,8.0,15,22,True
与,8.0,15,22,True
当,8.0,15,22,True
日,8.0,15,22,True
の,8.0,15,22,True
確,8.0,15,22,True
認,8.0,15,22,True
事,8.0,15,22,True
項,8.0,15,22,True
Ⅳ,8.0,15,22,True
,8.0,15,22,True
安,8.0,15,22,True
全,8.0,15,22,True
性,8.0,15,22,True
検,8.0,15,22,True
討,8.0,15,22,True
事,8.0,15,22,True
項,8.0,15,22,True
Ⅲ,8.0,15,22,True
,8.0,15,22,True
投,8.0,15,22,True
与,8.0,15,22,True
開,8.0,15,22,True
始,8.0,15,22,True
後,8.0,15,22,True
の,8.0,15,22,True
確,8.0,15,22,True
認,8.0,15,22,True
事,8.0,15,22,True
項,8.0,15,22,True
Ⅲ. 投与開始後の確認事項,23.0,15,2,False
投与開始後のチェック項目,10.5,15,12,False
本剤投与後も、定期的な検査を実施してください。次の投与日までの間にも、下記表を目安に、患者様に対,10.0,15,14,False
して定期的な受診を促してください。,10.0,15,14,False
<治療開始後１ヵ月>,7.61,15,23,False
□　胸部Ｘ線,7.61,15,23,False
（,7.61,15,23,False
）,7.61,15,23,False
□　胸部ＣＴ（必要時）,7.61,15,23,False
（,7.61,15,23,False
）,7.61,15,23,False
□　血中β-Ｄグルカン,7.61,15,23,False
（,7.61,15,23,False
pg/mL）,7.61,15,23,False
□　ＣＲＰ,7.61,15,23,False
（,7.61,15,23,False
mg/dL）,7.61,15,23,False
□　ＷＢＣ,7.61,15,23,False
（,7.61,15,23,False
/μL）,7.61,15,23,False
□　肝機能検査,7.61,15,23,False
□　他の血液・尿一般検査,7.61,15,23,False
（ＨＢsまたはＨＢc抗体陽性の場合）,7.61,15,23,False
□　ＨＢs抗体価,7.61,15,23,False
（,7.61,15,23,False
）,7.61,15,23,False
□　ＨＢＶ-ＤＮＡ定量,7.61,15,23,False
（　　　20 IU/mL未満　・　20 IU/mL以上　　　）,7.61,15,23,False
<治療開始後3ヵ月>,7.61,15,23,False
□　胸部Ｘ線,7.61,15,23,False
（,7.61,15,23,False
）,7.61,15,23,False
□　胸部ＣＴ（必要時）,7.61,15,23,False
（,7.61,15,23,False
）,7.61,15,23,False
□　血中β-Ｄグルカン,7.61,15,23,False
（,7.61,15,23,False
pg/mL）,7.61,15,23,False
□　ＣＲＰ,7.61,15,23,False
（,7.61,15,23,False
mg/dL）,7.61,15,23,False
□　ＷＢＣ,7.61,15,23,False
（,7.61,15,23,False
/μL）,7.61,15,23,False
□　肝機能検査,7.61,15,23,False
□　他の血液・尿一般検査,7.61,15,23,False
（ＨＢsまたはＨＢc抗体陽性の場合）,7.61,15,23,False
□　ＨＢs抗体価,7.61,15,23,False
（,7.61,15,23,False
）,7.61,15,23,False
□　ＨＢＶ-ＤＮＡ定量,7.61,15,23,False
（　　　20 IU/mL未満　・　20 IU/mL以上　　　）,7.61,15,23,False
<治療開始後6ヵ月>,7.61,15,23,False
□　胸部Ｘ線,7.61,15,23,False
（,7.61,15,23,False
）,7.61,15,23,False
□　胸部ＣＴ（必要時）,7.61,15,23,False
（,7.61,15,23,False
）,7.61,15,23,False
□　血中β-Ｄグルカン,7.61,15,23,False
（,7.61,15,23,False
pg/mL）,7.61,15,23,False
□　抗核抗体,7.61,15,23,False
＊,4.44,15,43,False
,7.61,15,23,False
（,7.61,15,23,False
）,7.61,15,23,False
□　ＣＲＰ,7.61,15,23,False
（,7.61,15,23,False
mg/dL）,7.61,15,23,False
□　ＷＢＣ,7.61,15,23,False
（,7.61,15,23,False
/μL）,7.61,15,23,False
□　肝機能検査,7.61,15,23,False
□　他の血液・尿一般検査,7.61,15,23,False
□　IGRA（クオンティフェロン検査 / T-SPOT検査）（,7.61,15,23,False
）,7.61,15,23,False
（ＨＢsまたはＨＢc抗体陽性の場合）,7.61,15,23,False
□　ＨＢs抗体価,7.61,15,23,False
（,7.61,15,23,False
）,7.61,15,23,False
□　ＨＢＶ-ＤＮＡ定量,7.61,15,23,False
（　　　20 IU/mL未満　・　20 IU/mL以上　　　）,7.61,15,23,False
<治療開始後12ヵ月>,7.61,15,23,False
□　胸部Ｘ線,7.61,15,23,False
（,7.61,15,23,False
）,7.61,15,23,False
□　胸部ＣＴ（必要時）,7.61,15,23,False
（,7.61,15,23,False
）,7.61,15,23,False
□　血中β-Ｄグルカン,7.61,15,23,False
（,7.61,15,23,False
pg/mL）,7.61,15,23,False
□　抗核抗体,7.61,15,23,False
＊,4.44,15,43,False
,7.61,15,23,False
（,7.61,15,23,False
）,7.61,15,23,False
□　ＣＲＰ,7.61,15,23,False
（,7.61,15,23,False
mg/dL）,7.61,15,23,False
□　ＷＢＣ,7.61,15,23,False
（,7.61,15,23,False
/μL）,7.61,15,23,False
□　肝機能検査,7.61,15,23,False
□　他の血液・尿一般検査,7.61,15,23,False
□　IGRA（クオンティフェロン検査 / T-SPOT検査）（,7.61,15,23,False
）,7.61,15,23,False
（ＨＢsまたはＨＢc抗体陽性の場合）,7.61,15,23,False
□　ＨＢs抗体価,7.61,15,23,False
（,7.61,15,23,False
）,7.61,15,23,False
□　ＨＢＶ-ＤＮＡ定量,7.61,15,23,False
（　　　20 IU/mL未満　・　20 IU/mL以上　　　）,7.61,15,23,False
生物学的製剤治療開始後チェックリスト,12.37,15,8,False
以後は半年毎を目安に実施（HBs/HBc抗体陽性の場合はより頻回に行うことが望ましい）。,6.56,15,33,False
＊,3.82,15,46,False
抗核抗体検査はTNF阻害薬使用時に行う。また、抗核抗体が陽性の場合には抗dsDNA抗体の測定も検討する。,6.56,15,33,False
関節症性乾癬にてMTXを併用する場合は、血液検査時にKL-6も測定することが望ましい。,6.56,15,33,False
発熱・咳・息苦しさなどの症状の訴えがある場合には、そのつど呼吸器感染症や間質性肺炎を疑い、フローチャート（Ｐ.18）に従って診断・治療を実施する。,6.49,15,35,False
佐伯秀久　他：乾癬における生物学的製剤の使用ガイダンス（2022年版）.,6.5,15,34,False
"日皮会誌: 132（10）, 2271-2296, 2022 ©日本皮膚科学会 2022 より引用改変",6.5,15,34,False
15,8.0,15,22,True
Ⅰ,8.0,16,22,True
,8.0,16,22,True
投,8.0,16,22,True
与,8.0,16,22,True
前,8.0,16,22,True
の,8.0,16,22,True
確,8.0,16,22,True
認,8.0,16,22,True
事,8.0,16,22,True
項,8.0,16,22,True
Ⅱ,8.0,16,22,True
,8.0,16,22,True
投,8.0,16,22,True
与,8.0,16,22,True
当,8.0,16,22,True
日,8.0,16,22,True
の,8.0,16,22,True
確,8.0,16,22,True
認,8.0,16,22,True
事,8.0,16,22,True
項,8.0,16,22,True
Ⅲ,8.0,16,22,True
,8.0,16,22,True
投,8.0,16,22,True
与,8.0,16,22,True
開,8.0,16,22,True
始,8.0,16,22,True
後,8.0,16,22,True
の,8.0,16,22,True
確,8.0,16,22,True
認,8.0,16,22,True
事,8.0,16,22,True
項,8.0,16,22,True
Ⅳ,8.0,16,22,True
,8.0,16,22,True
安,8.0,16,22,True
全,8.0,16,22,True
性,8.0,16,22,True
検,8.0,16,22,True
討,8.0,16,22,True
事,8.0,16,22,True
項,8.0,16,22,True
,15.0,16,3,False
（1）重要な特定されたリスク,15.0,16,3,False
❶,13.75,16,4,False
重篤な感染症,12.5,16,7,False
本剤は免疫反応を減弱する作用を有するため、正常な免疫応答に影響を与え、本剤投与中にウイルス、細菌,10.0,16,14,False
あるいは真菌による重篤な感染症を来す可能性があります。十分な観察を行うなど感染症の発症に注意し、,10.0,16,14,False
重篤な感染症が発現した場合には、感染症が十分コントロールできる状態になるまで本剤の投与をお控え,10.0,16,14,False
ください。,10.0,16,14,False
■,10.0,16,14,False
代表的な症状,10.0,16,14,False
発熱、咳、呼吸困難などの症状があらわれます。,10.0,16,14,False
Ⅳ. 安全性検討事項,23.0,16,2,False
対処方法,10.0,16,14,False
●,8.0,16,22,True
発熱、咳、呼吸困難などの症状が出現した場合は、フローチャート,10.0,16,14,False
（⇒P.18,10.0,16,14,False
Ⅳ,10.0,16,14,False
.（1） 1）感染症,10.0,16,14,False
「生物学的製剤、JAK阻害薬投与中における発熱、咳、呼吸困難に対するフローチャート」,10.0,16,14,False
参照）,10.0,16,14,False
に従って診断を行い、各感染症に応じた対処を行ってください。,10.0,16,14,False
●,8.0,16,22,True
本剤の投与は中止し、回復するまで再投与しないでください。,10.0,16,14,False
●,8.0,16,22,True
高齢者、肺疾患を有する患者、合併症などによりステロイドの全身治療を併用している患者,10.0,16,14,False
など、重篤な感染症を発症するリスクを有する場合、ST合剤などの積極的な予防投与を考,10.0,16,14,False
慮してください。,10.0,16,14,False
投与中の注意事項,10.0,16,14,False
●,8.0,16,22,True
十分な観察及び問診を行い、感染症の徴候に十分注意してください。,10.0,16,14,False
●,8.0,16,22,True
生ワクチン接種による感染症発現のリスクを否定できないため、生ワクチン接種は行わない,10.0,16,14,False
でください。,10.0,16,14,False
1）感染症,13.5,16,5,False
16,8.0,16,22,True
Ⅰ,8.0,17,22,True
,8.0,17,22,True
投,8.0,17,22,True
与,8.0,17,22,True
前,8.0,17,22,True
の,8.0,17,22,True
確,8.0,17,22,True
認,8.0,17,22,True
事,8.0,17,22,True
項,8.0,17,22,True
Ⅱ,8.0,17,22,True
,8.0,17,22,True
投,8.0,17,22,True
与,8.0,17,22,True
当,8.0,17,22,True
日,8.0,17,22,True
の,8.0,17,22,True
確,8.0,17,22,True
認,8.0,17,22,True
事,8.0,17,22,True
項,8.0,17,22,True
Ⅲ,8.0,17,22,True
,8.0,17,22,True
投,8.0,17,22,True
与,8.0,17,22,True
開,8.0,17,22,True
始,8.0,17,22,True
後,8.0,17,22,True
の,8.0,17,22,True
確,8.0,17,22,True
認,8.0,17,22,True
事,8.0,17,22,True
項,8.0,17,22,True
Ⅳ,8.0,17,22,True
,8.0,17,22,True
安,8.0,17,22,True
全,8.0,17,22,True
性,8.0,17,22,True
検,8.0,17,22,True
討,8.0,17,22,True
事,8.0,17,22,True
項,8.0,17,22,True
対処方法,10.0,17,14,False
●,8.0,17,22,True
結核の疑いのある患者には、本剤投与前にあらかじめ結核に対する治療を行ってください。,10.0,17,14,False
本剤投与開始3週間前より、イソニアジドを原則300mg/日、通常は6ヵ月間、糖尿病の合,10.0,17,14,False
併や免疫抑制状態が想定される場合は9ヵ月間経口投与してください。,10.0,17,14,False
●,8.0,17,22,True
結核に対する治療については、呼吸器内科医、放射線専門医、感染症専門医などと速やかに,10.0,17,14,False
連携しながら行ってください。,10.0,17,14,False
投与中の注意事項,10.0,17,14,False
●,8.0,17,22,True
結核感染の有無を確認するため、必要に応じて定期的（6ヵ月毎）に胸部X線検査やインター,10.0,17,14,False
フェロン-γ遊離試験などを行ってください。,10.0,17,14,False
❷,13.75,17,4,False
結核,12.5,17,7,False
胸部X線検査などの適切な検査を定期的に行い、結核症の発現には十分注意してください。結核の既往歴,10.0,17,14,False
を有する場合、結核の症状が疑われる場合（持続する咳、体重減少、発熱など）には、結核の診療経験のあ,10.0,17,14,False
る医師に相談してください。,10.0,17,14,False
また、患者に対しても結核の症状が疑われる場合には、速やかに担当医師に連絡するようご指導ください。,10.0,17,14,False
（⇒P.9,10.0,17,14,False
Ⅰ,10.0,17,14,False
.（2）2）問診及び投与前に行う検査「投与前チェックリスト」参照）,10.0,17,14,False
■,10.0,17,14,False
代表的な症状,10.0,17,14,False
初期症状として、2週間以上続く咳、痰、微熱などがあります。食欲不振、倦怠感、急激な体重の減少,10.0,17,14,False
などの症状もみられます。進行すると、血痰、喀血、呼吸困難などの症状を伴うこともあります。,10.0,17,14,False
17,8.0,17,22,True
Ⅰ,8.0,18,22,True
,8.0,18,22,True
投,8.0,18,22,True
与,8.0,18,22,True
前,8.0,18,22,True
の,8.0,18,22,True
確,8.0,18,22,True
認,8.0,18,22,True
事,8.0,18,22,True
項,8.0,18,22,True
Ⅱ,8.0,18,22,True
,8.0,18,22,True
投,8.0,18,22,True
与,8.0,18,22,True
当,8.0,18,22,True
日,8.0,18,22,True
の,8.0,18,22,True
確,8.0,18,22,True
認,8.0,18,22,True
事,8.0,18,22,True
項,8.0,18,22,True
Ⅲ,8.0,18,22,True
,8.0,18,22,True
投,8.0,18,22,True
与,8.0,18,22,True
開,8.0,18,22,True
始,8.0,18,22,True
後,8.0,18,22,True
の,8.0,18,22,True
確,8.0,18,22,True
認,8.0,18,22,True
事,8.0,18,22,True
項,8.0,18,22,True
Ⅳ,8.0,18,22,True
,8.0,18,22,True
安,8.0,18,22,True
全,8.0,18,22,True
性,8.0,18,22,True
検,8.0,18,22,True
討,8.0,18,22,True
事,8.0,18,22,True
項,8.0,18,22,True
生物学的製剤、JAK阻害薬投与中における発熱、咳、呼吸困難に対するフローチャート,10.5,18,12,False
胸部X線、CT、身体所見、臨床検査,9.0,18,16,False
生物学的製剤、JAK阻害薬一旦中止,9.0,18,16,False
実質性陰影,9.0,18,16,False
喀痰培養、血液培養,9.0,18,16,False
抗酸菌染色•培養,9.0,18,16,False
細菌性肺炎,9.0,18,16,False
または結核,9.0,18,16,False
薬剤性肺炎,9.0,18,16,False
リウマチ肺など,9.0,18,16,False
ニューモシスチス,9.0,18,16,False
肺炎（PCP）,9.0,18,16,False
PCP以外の,9.0,18,16,False
非定型肺炎,9.0,18,16,False
間質性陰影,9.0,18,16,False
血中β-Dグルカン（β-DG）測定,9.0,18,16,False
可能なら誘発喀痰ないしBALで,9.0,18,16,False
Pneumocystis菌体染色•PCR,9.0,18,16,False
インフルエンザ、マイコプラズマ、,9.0,18,16,False
クラミジア、レジオネラの検査,9.0,18,16,False
発熱、咳、呼吸困難（PaO,9.0,18,16,False
2,5.4,18,40,False
、SpO,9.0,18,16,False
2,5.4,18,40,False
の低下）,9.0,18,16,False
呼吸器内科医、放射線専門医の読影,8.0,18,22,True
すべて陰性,8.0,18,22,True
抗菌薬治療が無効ないし,8.0,18,22,True
悪化で病原体不明,8.0,18,22,True
β-DG、PCRおよび,8.0,18,22,True
他の病原体すべて陰性,8.0,18,22,True
β-DGまたは,8.0,18,22,True
PCR陽性,8.0,18,22,True
β-DG、PCRとも陰性,8.0,18,22,True
他の病原体検査で陽性,8.0,18,22,True
いずれかで陽性,8.0,18,22,True
日本リウマチ学会：関節リウマチ（RA）に対するTNF阻害薬使用の手引き（2024年7月7日改訂版）より引用改変,6.5,18,34,False
https://www.ryumachi-jp.com/pdf/tebiki_tnf_240710.pdf （2024年11月参照）,6.5,18,34,False
18,8.0,18,22,True
Ⅰ,8.0,19,22,True
,8.0,19,22,True
投,8.0,19,22,True
与,8.0,19,22,True
前,8.0,19,22,True
の,8.0,19,22,True
確,8.0,19,22,True
認,8.0,19,22,True
事,8.0,19,22,True
項,8.0,19,22,True
Ⅱ,8.0,19,22,True
,8.0,19,22,True
投,8.0,19,22,True
与,8.0,19,22,True
当,8.0,19,22,True
日,8.0,19,22,True
の,8.0,19,22,True
確,8.0,19,22,True
認,8.0,19,22,True
事,8.0,19,22,True
項,8.0,19,22,True
Ⅲ,8.0,19,22,True
,8.0,19,22,True
投,8.0,19,22,True
与,8.0,19,22,True
開,8.0,19,22,True
始,8.0,19,22,True
後,8.0,19,22,True
の,8.0,19,22,True
確,8.0,19,22,True
認,8.0,19,22,True
事,8.0,19,22,True
項,8.0,19,22,True
Ⅳ,8.0,19,22,True
,8.0,19,22,True
安,8.0,19,22,True
全,8.0,19,22,True
性,8.0,19,22,True
検,8.0,19,22,True
討,8.0,19,22,True
事,8.0,19,22,True
項,8.0,19,22,True
対処方法,10.0,19,14,False
●,8.0,19,22,True
重篤な過敏反応が認められた場合には直ちに投与を中止し、適切な処置を行ってください。,10.0,19,14,False
●,8.0,19,22,True
アナフィラキシーを疑うような症状が認められた場合は、,10.0,19,14,False
「重篤副作用疾患別対応マニュアル,10.0,19,14,False
（アナフィラキシー）平成20年3月（令和元年9月改定）」等を参照して適切な処置を行ってく,10.0,19,14,False
ださい。,10.0,19,14,False
アナフィラキシー（血管浮腫、蕁麻疹、発疹など）等の重篤な過敏症があらわれることがあるので、治療中,10.0,19,14,False
は患者の状態を十分に観察し、異常が認められた場合には直ちに投与を中止し、適切な処置を行ってくだ,10.0,19,14,False
さい。,10.0,19,14,False
■,10.0,19,14,False
代表的な症状,10.0,19,14,False
はじめに皮膚症状（掻痒感、蕁麻疹、全身の潮紅など）があらわれることが多く、皮膚症状に続いて,10.0,19,14,False
消化器症状（腹痛、吐き気、嘔吐、下痢など）がしばしばみられます。呼吸困難、喘鳴などの呼吸器,10.0,19,14,False
症状や、めまい、失神、血圧低下がみられることもあります。これらの症状は、通常投与後30分以内,10.0,19,14,False
にあらわれます。,10.0,19,14,False
2）重篤な過敏症,13.5,19,5,False
19,8.0,19,22,True
Ⅰ,8.0,20,22,True
,8.0,20,22,True
投,8.0,20,22,True
与,8.0,20,22,True
前,8.0,20,22,True
の,8.0,20,22,True
確,8.0,20,22,True
認,8.0,20,22,True
事,8.0,20,22,True
項,8.0,20,22,True
Ⅱ,8.0,20,22,True
,8.0,20,22,True
投,8.0,20,22,True
与,8.0,20,22,True
当,8.0,20,22,True
日,8.0,20,22,True
の,8.0,20,22,True
確,8.0,20,22,True
認,8.0,20,22,True
事,8.0,20,22,True
項,8.0,20,22,True
Ⅲ,8.0,20,22,True
,8.0,20,22,True
投,8.0,20,22,True
与,8.0,20,22,True
開,8.0,20,22,True
始,8.0,20,22,True
後,8.0,20,22,True
の,8.0,20,22,True
確,8.0,20,22,True
認,8.0,20,22,True
事,8.0,20,22,True
項,8.0,20,22,True
Ⅳ,8.0,20,22,True
,8.0,20,22,True
安,8.0,20,22,True
全,8.0,20,22,True
性,8.0,20,22,True
検,8.0,20,22,True
討,8.0,20,22,True
事,8.0,20,22,True
項,8.0,20,22,True
,15.0,20,3,False
（2）重要な潜在的リスク,15.0,20,3,False
本剤はIL-23の作用を選択的に抑制する薬剤であり、皮膚及び皮膚以外の悪性腫瘍の発現が報告されてい,10.0,20,14,False
ます。本剤との因果関係は明確ではありませんが、悪性腫瘍の発現には注意してください。,10.0,20,14,False
■,10.0,20,14,False
発現状況,10.0,20,14,False
乾癬患者を対象とした国内二重盲検比較試験の結果、本剤投与群180例（161人年）において、悪性,10.0,20,14,False
腫瘍（非黒色腫皮膚癌を除く）の発現率は、0.62/100人年（1/180例）でした。非黒色腫皮膚癌の,10.0,20,14,False
発現は認められませんでした。,10.0,20,14,False
乾癬患者を対象とした海外臨床試験の48週までの併合解析の結果（本剤投与例数1367例、1019,10.0,20,14,False
人年）において、悪性腫瘍（非黒色腫皮膚癌を除く）の発現率は、0.29/100人年（3/1367例）でし,10.0,20,14,False
た。併合解析での悪性腫瘍（非黒色腫皮膚癌を除く）の発現率は、一般人口で予測される発現率と,10.0,20,14,False
"同様でした［標準化発生比：0.68（95％信頼区間：0.14, 2.00）］。非黒色腫皮膚癌の発現率は、",10.0,20,14,False
0.59/100人年（6/1367例）でした。,10.0,20,14,False
掌蹠膿疱症患者を対象とした国内臨床試験の52週までの結果（本剤投与例数157例、135人年）に,10.0,20,14,False
おいて、悪性腫瘍（非黒色腫皮膚癌を除く）の発現率は、0.74/100人年（1/157例）でした。非黒色,10.0,20,14,False
腫皮膚癌の発現は、認められませんでした。,10.0,20,14,False
1）悪性腫瘍,13.5,20,5,False
乾癬患者では心筋梗塞、脳卒中等の心血管イベントの発現リスクが高いことが報告されています（J. Invest.,10.0,20,14,False
"Dermatol., 133：2340, 2013）。本剤との因果関係は明確ではありませんが、臨床試験において本剤群",10.0,20,14,False
で心血管系事象の発現が認められたことから、心血管系事象の発現には注意してください。,10.0,20,14,False
2）心血管系事象,13.5,20,5,False
本剤の作用機序より、好中球の活性化等の作用を有するIL-17シグナル経路に影響を及ぼす可能性が否定,10.0,20,14,False
できません。臨床試験において好中球数減少に関連した事象の発現が認められたことから、好中球数減少,10.0,20,14,False
に関連した事象の発現には注意してください。,10.0,20,14,False
3）好中球数減少,13.5,20,5,False
局面型皮疹を有する乾癬患者における国内第,10.0,20,14,False
Ⅲ,10.0,20,14,False
相臨床試験（CNTO1959PSO3004）では、本剤を投,10.0,20,14,False
与した180例中13例（7.2%）が52週までに抗グセルクマブ抗体陽性となり、その中で1例（1/180例、,10.0,20,14,False
0.6%）に中和抗体が認められました。膿疱性乾癬患者又は乾癬性紅皮症患者における国内第,10.0,20,14,False
Ⅲ,10.0,20,14,False
相臨床試験,10.0,20,14,False
（CNTO1959PSO3005）では本剤を投与した21例中に抗グセルクマブ抗体陽性は認められませんでした。,10.0,20,14,False
また、掌蹠膿疱症患者における国内第,10.0,20,14,False
Ⅲ,10.0,20,14,False
相臨床試験（CNTO1959PPP3001）では、本剤を投与した156例,10.0,20,14,False
中4例（2.6%）が52週までに抗グセルクマブ抗体陽性となりました。この症例に中和抗体は認められません,10.0,20,14,False
でした。,10.0,20,14,False
局面型皮疹を有する乾癬患者における海外臨床試験では、1734例中104例（6.0%）が抗グセルクマブ抗体,10.0,20,14,False
陽性となり、その中で7例（7/1734例、0.4%）に中和抗体が認められました。,10.0,20,14,False
4）,13.5,20,5,False
免疫原性,12.5,20,7,False
20,8.0,20,22,True
Ⅰ,8.0,21,22,True
,8.0,21,22,True
投,8.0,21,22,True
与,8.0,21,22,True
前,8.0,21,22,True
の,8.0,21,22,True
確,8.0,21,22,True
認,8.0,21,22,True
事,8.0,21,22,True
項,8.0,21,22,True
Ⅱ,8.0,21,22,True
,8.0,21,22,True
投,8.0,21,22,True
与,8.0,21,22,True
当,8.0,21,22,True
日,8.0,21,22,True
の,8.0,21,22,True
確,8.0,21,22,True
認,8.0,21,22,True
事,8.0,21,22,True
項,8.0,21,22,True
Ⅲ,8.0,21,22,True
,8.0,21,22,True
投,8.0,21,22,True
与,8.0,21,22,True
開,8.0,21,22,True
始,8.0,21,22,True
後,8.0,21,22,True
の,8.0,21,22,True
確,8.0,21,22,True
認,8.0,21,22,True
事,8.0,21,22,True
項,8.0,21,22,True
Ⅳ,8.0,21,22,True
,8.0,21,22,True
安,8.0,21,22,True
全,8.0,21,22,True
性,8.0,21,22,True
検,8.0,21,22,True
討,8.0,21,22,True
事,8.0,21,22,True
項,8.0,21,22,True
,15.0,21,3,False
（3）副作用一覧,15.0,21,3,False
副作用発現状況,10.5,21,12,False
臨床試験,8.5,21,20,False
CNTO1959PSO3004試験,6.71,21,31,False
＊1,4.12,21,44,False
、,6.71,21,31,False
CNTO1959PSO3005試験,6.71,21,31,False
＊2,4.12,21,44,False
、,6.71,21,31,False
の併合解析（100mg投与群）,6.71,21,31,False
CNTO1959PPP3001試験,6.91,21,29,False
＊3,4.12,21,44,False
（100mg投与群）,6.91,21,29,False
CNTO1959PSO3004試験,6.71,21,31,False
＊1,4.12,21,44,False
、,6.71,21,31,False
CNTO1959PSO3005試験,6.71,21,31,False
＊2,4.12,21,44,False
、,6.71,21,31,False
CNTO1959PPP3001試験,6.71,21,31,False
＊3,4.12,21,44,False
の併合解析（100mg投与群）,6.71,21,31,False
調査症例数,8.5,21,20,False
96,8.5,21,20,False
79,8.5,21,20,False
175,8.5,21,20,False
副作用発現症例数,8.5,21,20,False
26,8.5,21,20,False
25,8.5,21,20,False
51,8.5,21,20,False
副作用発現症例率（％）,8.5,21,20,False
27.1,8.5,21,20,False
31.6,8.5,21,20,False
29.1,8.5,21,20,False
副作用の種類,8.5,21,20,False
副作用の種類別発現症例数（発現率）,8.5,21,20,False
CNTO1959PSO3004試験,6.71,21,31,False
＊1,4.12,21,44,False
、,6.71,21,31,False
CNTO1959PSO3005試験,6.71,21,31,False
＊2,4.12,21,44,False
、,6.71,21,31,False
の併合解析（100mg投与群）,6.71,21,31,False
CNTO1959PPP3001試験,6.91,21,29,False
＊3,4.12,21,44,False
（100mg投与群）,6.91,21,29,False
CNTO1959PSO3004試験,6.71,21,31,False
＊1,4.12,21,44,False
、,6.71,21,31,False
CNTO1959PSO3005試験,6.71,21,31,False
＊2,4.12,21,44,False
、,6.71,21,31,False
CNTO1959PPP3001試験,6.71,21,31,False
＊3,4.12,21,44,False
の併合解析（100mg投与群）,6.71,21,31,False
一般・全身障害および投与部位の状態,8.2,21,21,False
8（8.3％）,8.5,21,20,False
9（11.4%）,8.5,21,20,False
17（9.7%）,8.5,21,20,False
注射部位紅斑,8.5,21,20,False
6（6.3％）,8.5,21,20,False
6（7.6%）,8.5,21,20,False
12（6.9%）,8.5,21,20,False
注射部位そう痒感,8.5,21,20,False
1（1.0％）,8.5,21,20,False
2（2.5%）,8.5,21,20,False
3（1.7%）,8.5,21,20,False
注射部位硬結,8.5,21,20,False
2（2.1％）,8.5,21,20,False
2（2.5%）,8.5,21,20,False
4（2.3%）,8.5,21,20,False
注射部位腫脹,8.5,21,20,False
1（1.0％）,8.5,21,20,False
2（2.5%）,8.5,21,20,False
3（1.7%）,8.5,21,20,False
倦怠感,8.5,21,20,False
2（2.1％）,8.5,21,20,False
1（1.3%）,8.5,21,20,False
3（1.7%）,8.5,21,20,False
注射部位熱感,8.5,21,20,False
1（1.0％）,8.5,21,20,False
1（1.3%）,8.5,21,20,False
2（1.1%）,8.5,21,20,False
感染症および寄生虫症,8.5,21,20,False
6（6.3%）,8.5,21,20,False
8（10.1%）,8.5,21,20,False
14（8.0%）,8.5,21,20,False
鼻咽頭炎,8.5,21,20,False
4（4.2%）,8.5,21,20,False
2（2.5%）,8.5,21,20,False
6（3.4%）,8.5,21,20,False
足部白癬,8.5,21,20,False
0,8.5,21,20,False
4（5.1%）,8.5,21,20,False
4（2.3%）,8.5,21,20,False
麦粒腫,8.5,21,20,False
0,8.5,21,20,False
1（1.3%）,8.5,21,20,False
1（0.6%）,8.5,21,20,False
性器カンジダ症,8.5,21,20,False
0,8.5,21,20,False
1（1.3%）,8.5,21,20,False
1（0.6%）,8.5,21,20,False
インフルエンザ,8.5,21,20,False
1（1.0%）,8.5,21,20,False
0,8.5,21,20,False
1（0.6%）,8.5,21,20,False
臍炎,8.5,21,20,False
1（1.0%）,8.5,21,20,False
0,8.5,21,20,False
1（0.6%）,8.5,21,20,False
真菌性外耳炎,8.5,21,20,False
0,8.5,21,20,False
1（1.3%）,8.5,21,20,False
1（0.6%）,8.5,21,20,False
中耳炎,8.5,21,20,False
0,8.5,21,20,False
1（1.3%）,8.5,21,20,False
1（0.6%）,8.5,21,20,False
皮膚および皮下組織障害,8.5,21,20,False
3（3.1％）,8.5,21,20,False
6（7.6%）,8.5,21,20,False
9（5.1%）,8.5,21,20,False
蕁麻疹,8.5,21,20,False
1（1.0％）,8.5,21,20,False
2（2.5%）,8.5,21,20,False
3（1.7%）,8.5,21,20,False
湿疹,8.5,21,20,False
1（1.0％）,8.5,21,20,False
1（1.3%）,8.5,21,20,False
2（1.1%）,8.5,21,20,False
膿疱性乾癬,8.5,21,20,False
0,8.5,21,20,False
2（2.5%）,8.5,21,20,False
2（1.1%）,8.5,21,20,False
ざ瘡様皮膚炎,8.5,21,20,False
1（1.0％）,8.5,21,20,False
0,8.5,21,20,False
1（0.6%）,8.5,21,20,False
乾癬,8.5,21,20,False
1（1.0％）,8.5,21,20,False
0,8.5,21,20,False
1（0.6%）,8.5,21,20,False
皮膚潰瘍,8.5,21,20,False
0,8.5,21,20,False
1（1.3%）,8.5,21,20,False
1（0.6%）,8.5,21,20,False
胃腸障害,8.2,21,21,False
1（1.0％）,8.5,21,20,False
2（2.5％）,8.5,21,20,False
3（1.7%）,8.5,21,20,False
齲歯,8.5,21,20,False
1（1.0％）,8.5,21,20,False
1（1.3%）,8.5,21,20,False
2（1.1%）,8.5,21,20,False
非感染性歯肉炎,8.5,21,20,False
0,8.5,21,20,False
1（1.3%）,8.5,21,20,False
1（0.6%）,8.5,21,20,False
（次ページに続く）,6.5,21,34,False
21,8.0,21,22,True
Ⅰ,8.0,22,22,True
,8.0,22,22,True
投,8.0,22,22,True
与,8.0,22,22,True
前,8.0,22,22,True
の,8.0,22,22,True
確,8.0,22,22,True
認,8.0,22,22,True
事,8.0,22,22,True
項,8.0,22,22,True
Ⅱ,8.0,22,22,True
,8.0,22,22,True
投,8.0,22,22,True
与,8.0,22,22,True
当,8.0,22,22,True
日,8.0,22,22,True
の,8.0,22,22,True
確,8.0,22,22,True
認,8.0,22,22,True
事,8.0,22,22,True
項,8.0,22,22,True
Ⅲ,8.0,22,22,True
,8.0,22,22,True
投,8.0,22,22,True
与,8.0,22,22,True
開,8.0,22,22,True
始,8.0,22,22,True
後,8.0,22,22,True
の,8.0,22,22,True
確,8.0,22,22,True
認,8.0,22,22,True
事,8.0,22,22,True
項,8.0,22,22,True
Ⅳ,8.0,22,22,True
,8.0,22,22,True
安,8.0,22,22,True
全,8.0,22,22,True
性,8.0,22,22,True
検,8.0,22,22,True
討,8.0,22,22,True
事,8.0,22,22,True
項,8.0,22,22,True
副作用の種類,8.5,22,20,False
副作用の種類別発現症例数（発現率）,8.5,22,20,False
CNTO1959PSO3004試験,6.71,22,31,False
＊1,4.12,22,44,False
、,6.71,22,31,False
CNTO1959PSO3005試験,6.71,22,31,False
＊2,4.12,22,44,False
、,6.71,22,31,False
の併合解析（100mg投与群）,6.71,22,31,False
CNTO1959PPP3001試験,6.91,22,29,False
＊3,4.12,22,44,False
（100mg投与群）,6.91,22,29,False
CNTO1959PSO3004試験,6.71,22,31,False
＊1,4.12,22,44,False
、,6.71,22,31,False
CNTO1959PSO3005試験,6.71,22,31,False
＊2,4.12,22,44,False
、,6.71,22,31,False
CNTO1959PPP3001試験,6.71,22,31,False
＊3,4.12,22,44,False
の併合解析（100mg投与群）,6.71,22,31,False
心臓障害,8.5,22,20,False
3（3.1％）,8.5,22,20,False
0,8.5,22,20,False
3（1.7%）,8.5,22,20,False
心室性期外収縮,8.5,22,20,False
1（1.0％）,8.5,22,20,False
0,8.5,22,20,False
1（0.6%）,8.5,22,20,False
心拡大,8.5,22,20,False
1（1.0％）,8.5,22,20,False
0,8.5,22,20,False
1（0.6%）,8.5,22,20,False
左室肥大,8.5,22,20,False
1（1.0％）,8.5,22,20,False
0,8.5,22,20,False
1（0.6%）,8.5,22,20,False
僧帽弁閉鎖不全症,8.5,22,20,False
1（1.0％）,8.5,22,20,False
0,8.5,22,20,False
1（0.6%）,8.5,22,20,False
臨床検査,8.5,22,20,False
3（3.1％）,8.5,22,20,False
0,8.5,22,20,False
3（1.7%）,8.5,22,20,False
心電図異常,8.5,22,20,False
1（1.0％）,8.5,22,20,False
0,8.5,22,20,False
1（0.6%）,8.5,22,20,False
肝酵素上昇,8.5,22,20,False
1（1.0％）,8.5,22,20,False
0,8.5,22,20,False
1（0.6%）,8.5,22,20,False
血小板数減少,8.5,22,20,False
1（1.0％）,8.5,22,20,False
0,8.5,22,20,False
1（0.6%）,8.5,22,20,False
筋骨格系および結合組織障害,8.5,22,20,False
0,8.5,22,20,False
1（1.3%）,8.5,22,20,False
1（0.6%）,8.5,22,20,False
関節痛,8.5,22,20,False
0,8.5,22,20,False
1（1.3%）,8.5,22,20,False
1（0.6%）,8.5,22,20,False
代謝および栄養障害,8.5,22,20,False
2（2.1％）,8.5,22,20,False
1（1.3%）,8.5,22,20,False
3（1.7%）,8.5,22,20,False
糖尿病,8.5,22,20,False
1（1.0％）,8.5,22,20,False
1（1.3%）,8.5,22,20,False
2（1.1%）,8.5,22,20,False
脂質異常症,8.5,22,20,False
1（1.0％）,8.5,22,20,False
0,8.5,22,20,False
1（0.6%）,8.5,22,20,False
呼吸器、胸郭および縦隔障害,8.5,22,20,False
3（3.1％）,8.5,22,20,False
0,8.5,22,20,False
3（1.7%）,8.5,22,20,False
咳嗽,8.5,22,20,False
1（1.0％）,8.5,22,20,False
0,8.5,22,20,False
1（0.6%）,8.5,22,20,False
口腔咽頭痛,8.5,22,20,False
1（1.0％）,8.5,22,20,False
0,8.5,22,20,False
1（0.6%）,8.5,22,20,False
上気道の炎症,8.5,22,20,False
1（1.0％）,8.5,22,20,False
0,8.5,22,20,False
1（0.6%）,8.5,22,20,False
血液およびリンパ系障害,8.5,22,20,False
0,8.5,22,20,False
1（1.3%）,8.5,22,20,False
1（0.6%）,8.5,22,20,False
好中球減少症,8.5,22,20,False
0,8.5,22,20,False
1（1.3%）,8.5,22,20,False
1（0.6%）,8.5,22,20,False
肝胆道系障害,9.0,22,16,False
2（2.1％）,8.5,22,20,False
0,8.5,22,20,False
2（1.1%）,8.5,22,20,False
肝機能異常,9.0,22,16,False
2（2.1％）,8.5,22,20,False
0,8.5,22,20,False
2（1.1%）,8.5,22,20,False
良性、悪性および詳細不明の新生物,8.77,22,18,False
（嚢胞およびポリープを含む）,8.77,22,18,False
0,8.5,22,20,False
1（1.3%）,8.5,22,20,False
1（0.6%）,8.5,22,20,False
皮膚乳頭腫,9.0,22,16,False
0,8.5,22,20,False
1（1.3%）,8.5,22,20,False
1（0.6%）,8.5,22,20,False
眼障害,9.0,22,16,False
0,8.5,22,20,False
1（1.3%）,8.5,22,20,False
1（0.6%）,8.5,22,20,False
緑内障,9.0,22,16,False
0,8.5,22,20,False
1（1.3%）,8.5,22,20,False
1（0.6%）,8.5,22,20,False
耳および迷路障害,9.0,22,16,False
0,8.5,22,20,False
1（1.3%）,8.5,22,20,False
1（0.6%）,8.5,22,20,False
感音性難聴,9.0,22,16,False
0,8.5,22,20,False
1（1.3%）,8.5,22,20,False
1（0.6%）,8.5,22,20,False
＊1、＊2（承認時）,6.5,22,34,False
＊3（効能追加承認時）,6.5,22,34,False
＊,6.5,22,34,False
1 中等症から重症の局面型皮疹を有する乾癬患者を対象とした国内第,7.5,22,25,False
Ⅲ,7.5,22,25,False
相臨床試験（CNTO1959PSO3004試験）,7.5,22,25,False
＊,6.5,22,34,False
2 膿疱性乾癬患者及び乾癬性紅皮症患者を対象とした国内第,7.5,22,25,False
Ⅲ,7.5,22,25,False
相臨床試験（CNTO1959PSO3005試験）,7.5,22,25,False
＊,6.5,22,34,False
3 掌蹠膿疱症患者を対象とした国内第,7.5,22,25,False
Ⅲ,7.5,22,25,False
相臨床試験（CNTO1959PPP3001試験）,7.5,22,25,False
22,8.0,22,22,True
Ⓒ,5.6,24,38,False
Janssen Pharmaceutical K.K. 2018-2024,7.0,24,28,False
TRM-0003,6.02,24,37,False
TRMPugMAF8.1E,6.02,24,37,False
